run_id,seed,batch_size,lr,config_id,check,cumulative_optimizer_steps,effective_epochs,steps_per_epoch,train_loss,val_auprc,val_auroc,val_brier,val_ece,val_n,val_prevalence,check_runtime_s
11b0cfe445e48a99,0,512,0.001,77926ed46926273d,1,366,1.0,366,0.6693067708627773,0.6468044275287108,0.6492950622664561,0.23255771667528613,0.014809935145424724,93610,0.5,5.05
11b0cfe445e48a99,0,512,0.001,77926ed46926273d,2,732,2.0,366,0.6113283008825584,0.6946205023414754,0.6965440812223254,0.2218190876055547,0.023876549779370745,93610,0.5,4.76
11b0cfe445e48a99,0,512,0.001,77926ed46926273d,3,1098,3.0,366,0.5379436299449107,0.7095974538990315,0.7054515630854093,0.23472494246890585,0.11344671132874962,93610,0.5,4.77
11b0cfe445e48a99,0,512,0.001,77926ed46926273d,4,1464,4.0,366,0.4815181160722274,0.7270860540451115,0.7275366154738945,0.22410534386351677,0.10621961316320962,93610,0.5,4.48
11b0cfe445e48a99,0,512,0.001,77926ed46926273d,5,1830,5.0,366,0.43734587981401246,0.7403938353343262,0.7406610063885624,0.21841218338037574,0.10053682462436705,93610,0.5,4.53
11b0cfe445e48a99,0,512,0.001,77926ed46926273d,6,2196,6.0,366,0.40521200392089907,0.7371837860167485,0.7332121114131583,0.2284563770711861,0.12666697754737555,93610,0.5,4.56
11b0cfe445e48a99,0,512,0.001,77926ed46926273d,7,2562,7.0,366,0.38145230824504395,0.7330657447726772,0.7295460062506505,0.22514964843743965,0.10440367907119597,93610,0.5,4.51
11b0cfe445e48a99,0,512,0.001,77926ed46926273d,8,2928,8.0,366,0.3606043335844259,0.7471034186213155,0.7441454453977271,0.22438038796551604,0.12556829916473886,93610,0.5,4.78
11b0cfe445e48a99,0,512,0.001,77926ed46926273d,9,3294,9.0,366,0.34313085699667695,0.7446329759487891,0.7463133436049745,0.22677308396202078,0.13776538423378368,93610,0.5,4.77
11b0cfe445e48a99,0,512,0.001,77926ed46926273d,10,3660,10.0,366,0.3280563735571064,0.7392350387283774,0.7393179912690555,0.23029796090533206,0.1406909835106697,93610,0.5,4.84
11b0cfe445e48a99,0,512,0.001,77926ed46926273d,11,4026,11.0,366,0.3136388223435058,0.7480588638416302,0.7465091720746311,0.2353476161707588,0.1628503055657646,93610,0.5,4.65
11b0cfe445e48a99,0,512,0.001,77926ed46926273d,12,4392,12.0,366,0.3028431540059913,0.7474195396765786,0.740771189716165,0.24192720670868095,0.17368331040129192,93610,0.5,4.76
11b0cfe445e48a99,0,512,0.001,77926ed46926273d,13,4758,13.0,366,0.29077346769512674,0.7437992227696182,0.7426592740490828,0.23706539436029003,0.16423893532844805,93610,0.5,4.75
11b0cfe445e48a99,0,512,0.001,77926ed46926273d,14,5124,14.0,366,0.2808929390676035,0.758504663920829,0.7535618791554844,0.231512529713584,0.1598843373765687,93610,0.5,4.59
11b0cfe445e48a99,0,512,0.001,77926ed46926273d,15,5490,15.0,366,0.2719061164582362,0.753477817580792,0.7458488275725379,0.2443762060046999,0.18722792563224955,93610,0.5,4.77
11b0cfe445e48a99,0,512,0.001,77926ed46926273d,16,5856,16.0,366,0.2637097189009515,0.7494135996348815,0.749073302910825,0.24023452240731163,0.17897891010049943,93610,0.5,4.78
11b0cfe445e48a99,0,512,0.001,77926ed46926273d,17,6222,17.0,366,0.2538129075384531,0.7500919917735972,0.7481725427558974,0.236981770831633,0.17136739004990445,93610,0.5,4.84
11b0cfe445e48a99,0,512,0.001,77926ed46926273d,18,6588,18.0,366,0.24513352035336156,0.7527037643704715,0.7484663541596329,0.24008129565433434,0.18109822189353994,93610,0.5,4.77
11b0cfe445e48a99,0,512,0.001,77926ed46926273d,19,6954,19.0,366,0.23694768425871116,0.7553878595453516,0.7524979817883307,0.23715061734583834,0.17584217291575413,93610,0.5,4.78
11b0cfe445e48a99,0,512,0.001,77926ed46926273d,20,7320,20.0,366,0.23064205184823178,0.7477622080112201,0.7479570450745028,0.24730525848102922,0.1956882616715789,93610,0.5,4.83
11b0cfe445e48a99,0,512,0.001,77926ed46926273d,21,7686,21.0,366,0.2230385467817223,0.748735092876049,0.7456821481265172,0.24495234453961534,0.1884298856420658,93610,0.5,4.78
11b0cfe445e48a99,0,512,0.001,77926ed46926273d,22,8052,22.0,366,0.21716694741464052,0.7553680758445638,0.7499618158837027,0.24201034493222698,0.1852009558679047,93610,0.5,4.78
11b0cfe445e48a99,0,512,0.001,77926ed46926273d,23,8418,23.0,366,0.21078249767341248,0.7462118759101839,0.7420800583409558,0.253070068211672,0.20557953166156823,93610,0.5,4.71
11b0cfe445e48a99,0,512,0.001,77926ed46926273d,24,8784,24.0,366,0.20558059130047188,0.7523215858066808,0.7491505299981727,0.247884346154146,0.19750025806786303,93610,0.5,4.84
11b0cfe445e48a99,0,512,0.001,77926ed46926273d,25,9150,25.0,366,0.20029241286340307,0.7510449530223998,0.7418610058727475,0.25053007647981107,0.1976793268149742,93610,0.5,4.77
11b0cfe445e48a99,0,512,0.001,77926ed46926273d,26,9516,26.0,366,0.19371535287040179,0.757156022102512,0.7519660284259012,0.24819231959827776,0.20158123222846785,93610,0.5,4.77
11b0cfe445e48a99,0,512,0.001,77926ed46926273d,27,9882,27.0,366,0.18892744366751343,0.7527906254205738,0.7502437779219802,0.24705184152646883,0.19872196939325346,93610,0.5,4.78
11b0cfe445e48a99,0,512,0.001,77926ed46926273d,28,10248,28.0,366,0.18394793551720556,0.7552291380102665,0.7526011835831021,0.24499499101180935,0.19739991840767265,93610,0.5,4.83
11b0cfe445e48a99,0,512,0.001,77926ed46926273d,29,10614,29.0,366,0.17853782507158367,0.7587958853388226,0.7525859551730998,0.25013598812953075,0.20610370438222916,93610,0.5,4.76
11b0cfe445e48a99,0,512,0.001,77926ed46926273d,30,10980,30.0,366,0.17514079428517101,0.7560841191343706,0.7527118316006534,0.24852887152180642,0.20380268619504627,93610,0.5,4.62
11b0cfe445e48a99,0,512,0.001,77926ed46926273d,31,11346,31.0,366,0.17065827383613977,0.7489798479349321,0.7434147291262148,0.2613332553517789,0.22250623389175134,93610,0.5,4.58
11b0cfe445e48a99,0,512,0.001,77926ed46926273d,32,11712,32.0,366,0.16442681855109872,0.7531741258094926,0.7486995191885509,0.25689959718514854,0.21733230792125036,93610,0.5,4.68
11b0cfe445e48a99,0,512,0.001,77926ed46926273d,33,12078,33.0,366,0.1612038031790426,0.7565639318759794,0.7528208878953644,0.24824325850412132,0.20370023049714514,93610,0.5,4.77
11b0cfe445e48a99,0,512,0.001,77926ed46926273d,34,12444,34.0,366,0.15723953457152257,0.7601499580827743,0.7553975763155385,0.25363588710596857,0.21470951817543157,93610,0.5,4.78
11b0cfe445e48a99,0,512,0.001,77926ed46926273d,35,12810,35.0,366,0.15477870634751892,0.7538984776847508,0.7518435237393171,0.25491521327297445,0.2169988404652048,93610,0.5,4.85
11b0cfe445e48a99,0,512,0.001,77926ed46926273d,36,13176,36.0,366,0.15034572651884595,0.7531425001769528,0.7516047869957476,0.2599535457750645,0.22440976881832203,93610,0.5,4.79
11b0cfe445e48a99,0,512,0.001,77926ed46926273d,37,13542,37.0,366,0.14644312048381794,0.7536152940974556,0.7522126005358473,0.2560844907640318,0.21790516155029493,93610,0.5,4.71
11b0cfe445e48a99,0,512,0.001,77926ed46926273d,38,13908,38.0,366,0.14281549669110058,0.7509808415840526,0.7457887102504224,0.2629486719043904,0.22725098250998368,93610,0.5,4.55
11b0cfe445e48a99,0,512,0.001,77926ed46926273d,39,14274,39.0,366,0.13875968560902147,0.7514945866327889,0.748752372420784,0.26163347316415014,0.2270933988750466,93610,0.5,4.6
11b0cfe445e48a99,0,512,0.001,77926ed46926273d,40,14640,40.0,366,0.13656636518858822,0.759869169629676,0.7560043518350649,0.25538823490518736,0.21972446918758848,93610,0.5,4.53
11b0cfe445e48a99,0,512,0.001,77926ed46926273d,41,15006,41.0,366,0.13258856129858013,0.7553746597868365,0.7511251454880665,0.2589038274498581,0.22392984974127556,93610,0.5,4.73
11b0cfe445e48a99,0,512,0.001,77926ed46926273d,42,15372,42.0,366,0.13048441188990093,0.7558052378828027,0.7513551720339364,0.2603790944147375,0.22816607425183388,93610,0.5,4.78
11b0cfe445e48a99,0,512,0.001,77926ed46926273d,43,15738,43.0,366,0.12706639988174856,0.75377722901656,0.7531838762493235,0.2583427698310591,0.22529347662550636,93610,0.5,4.85
11b0cfe445e48a99,0,512,0.001,77926ed46926273d,44,16104,44.0,366,0.12507604186733565,0.7569574432985544,0.752427309202923,0.26149528656739723,0.22898442485674791,93610,0.5,4.5
11b0cfe445e48a99,0,512,0.001,77926ed46926273d,45,16470,45.0,366,0.12329901184866338,0.7553950296881795,0.7527629059559409,0.2606862213050164,0.22856499635834643,93610,0.5,4.67
11b0cfe445e48a99,0,512,0.001,77926ed46926273d,46,16836,46.0,366,0.1208485467919235,0.7550959480117263,0.7527475342132826,0.2630303388960039,0.23155886585040744,93610,0.5,4.85
11b0cfe445e48a99,0,512,0.001,77926ed46926273d,47,17202,47.0,366,0.1175833901828104,0.7592682033673936,0.7546842153919622,0.2622496437079845,0.2325775424773057,93610,0.5,4.78
11b0cfe445e48a99,0,512,0.001,77926ed46926273d,48,17568,48.0,366,0.11649857455345451,0.7561068627284588,0.7535375048438963,0.2632547165375353,0.23306314874815107,93610,0.5,4.77
11b0cfe445e48a99,0,512,0.001,77926ed46926273d,49,17934,49.0,366,0.11438750686337713,0.7552119950765603,0.7513450732440714,0.2649192661143631,0.23502341062396145,93610,0.5,4.77
11b0cfe445e48a99,0,512,0.001,77926ed46926273d,50,18300,50.0,366,0.11455301661553279,0.7553329466629954,0.7518353405401891,0.26432028584739325,0.23319131218320388,93610,0.5,4.78
11b0cfe445e48a99,0,512,0.001,77926ed46926273d,51,18666,51.0,366,0.11241231009852691,0.7565801855619704,0.7519707860201955,0.2641544091916569,0.23428676937440193,93610,0.5,4.85
11b0cfe445e48a99,0,512,0.001,77926ed46926273d,52,19032,52.0,366,0.11071053222636056,0.7577429969099995,0.7537070094039574,0.263776211640102,0.23585675959664648,93610,0.5,4.78
11b0cfe445e48a99,0,512,0.001,77926ed46926273d,53,19398,53.0,366,0.11004372553828635,0.7555900935262783,0.751669986464764,0.2652097785982067,0.23602612585912022,93610,0.5,4.67
11b0cfe445e48a99,0,512,0.001,77926ed46926273d,54,19764,54.0,366,0.10877595104969265,0.7564865076676855,0.7532334241574707,0.2638434203578125,0.23445348946497643,93610,0.5,4.66
11b0cfe445e48a99,0,512,0.001,77926ed46926273d,55,20130,55.0,366,0.10643815175920236,0.7564758033278443,0.7536582069169167,0.26374812601540293,0.2355772304901372,93610,0.5,4.59
11b0cfe445e48a99,0,512,0.001,77926ed46926273d,56,20496,56.0,366,0.10631886873740316,0.7565833304612187,0.7535192675892992,0.2647730420852208,0.23579929728397944,93610,0.5,4.79
11b0cfe445e48a99,0,512,0.001,77926ed46926273d,57,20862,57.0,366,0.10689248873399256,0.7569640689470931,0.7538902978638606,0.26391596933246164,0.23519787380821644,93610,0.5,4.79
11b0cfe445e48a99,0,512,0.001,77926ed46926273d,58,21228,58.0,366,0.1059775800530702,0.7568619132153311,0.7541424782063324,0.2637680071727328,0.23519859179122962,93610,0.5,4.76
11b0cfe445e48a99,0,512,0.001,77926ed46926273d,59,21594,59.0,366,0.10664378543246965,0.757016602730803,0.7540502452397781,0.26386258327484147,0.23501927323298186,93610,0.5,4.57
11b0cfe445e48a99,0,512,0.001,77926ed46926273d,60,21960,60.0,366,0.10598029505685379,0.7570477985700594,0.7540690487496616,0.26381785176059974,0.23509856645661087,93610,0.5,4.79
cbb5634c16852216,1,512,0.001,77926ed46926273d,1,366,1.0,366,0.6730062982749417,0.6482620076274885,0.6491169041114002,0.23384220357568664,0.034784001401061374,93610,0.5,4.91
cbb5634c16852216,1,512,0.001,77926ed46926273d,2,732,2.0,366,0.6180203229677482,0.6754366313165747,0.6724123245497309,0.22944386182622353,0.045474380126224775,93610,0.5,4.52
cbb5634c16852216,1,512,0.001,77926ed46926273d,3,1098,3.0,366,0.5477147216353911,0.7171657942132776,0.7270658249859654,0.21841935976627982,0.07567762041100887,93610,0.5,4.74
cbb5634c16852216,1,512,0.001,77926ed46926273d,4,1464,4.0,366,0.4879789799451828,0.7255859074491215,0.7269315138424254,0.22638281882725947,0.10923610372136901,93610,0.5,4.72
cbb5634c16852216,1,512,0.001,77926ed46926273d,5,1830,5.0,366,0.44680451394104564,0.7296016956666028,0.7298323296642875,0.22876790884056186,0.12427788714996145,93610,0.5,4.77
cbb5634c16852216,1,512,0.001,77926ed46926273d,6,2196,6.0,366,0.41415415630965935,0.7377272053802519,0.7382983410123767,0.22747293614408837,0.12934794419102752,93610,0.5,4.8
cbb5634c16852216,1,512,0.001,77926ed46926273d,7,2562,7.0,366,0.38653363776011546,0.7443071513862917,0.7437569931301091,0.22724873615775668,0.13125652604882151,93610,0.5,4.53
cbb5634c16852216,1,512,0.001,77926ed46926273d,8,2928,8.0,366,0.365967817400974,0.7408444247481821,0.7409909609017843,0.22671616644517759,0.13041477027018888,93610,0.5,4.76
cbb5634c16852216,1,512,0.001,77926ed46926273d,9,3294,9.0,366,0.34807645118301683,0.7473478198502587,0.7465962950494054,0.22545386370055748,0.1318426285254205,93610,0.5,4.65
cbb5634c16852216,1,512,0.001,77926ed46926273d,10,3660,10.0,366,0.3314195047310793,0.7461567804448761,0.7502489253445812,0.2272782209015379,0.14060089208232032,93610,0.5,4.75
cbb5634c16852216,1,512,0.001,77926ed46926273d,11,4026,11.0,366,0.3158238478859917,0.743416908965574,0.7418493363578198,0.23267004988115655,0.14808401904173463,93610,0.5,4.76
cbb5634c16852216,1,512,0.001,77926ed46926273d,12,4392,12.0,366,0.3038330409533339,0.7542755412933096,0.7573004786888476,0.22548300595400309,0.14472799942064696,93610,0.5,4.77
cbb5634c16852216,1,512,0.001,77926ed46926273d,13,4758,13.0,366,0.29309834470677243,0.745928173992357,0.7414896035723428,0.2362384368602749,0.15606662186478262,93610,0.5,4.76
cbb5634c16852216,1,512,0.001,77926ed46926273d,14,5124,14.0,366,0.28235393603805636,0.7530954734064896,0.7548434499846232,0.2296091561520534,0.1554025114775559,93610,0.5,4.83
cbb5634c16852216,1,512,0.001,77926ed46926273d,15,5490,15.0,366,0.27217174529052174,0.7448264698319496,0.7447819254690501,0.2373561411165971,0.16705825663378493,93610,0.5,4.77
cbb5634c16852216,1,512,0.001,77926ed46926273d,16,5856,16.0,366,0.26179680391087556,0.7500933064401981,0.7464134270015285,0.2387797071742658,0.16995312496362608,93610,0.5,4.54
cbb5634c16852216,1,512,0.001,77926ed46926273d,17,6222,17.0,366,0.2545283851239199,0.746993969153939,0.7434610577555172,0.24326072148346575,0.1795227980757995,93610,0.5,4.76
cbb5634c16852216,1,512,0.001,77926ed46926273d,18,6588,18.0,366,0.24693959397696408,0.7475087173537567,0.7468527434184207,0.23894851900764255,0.17320232395079127,93610,0.5,4.77
cbb5634c16852216,1,512,0.001,77926ed46926273d,19,6954,19.0,366,0.2392563277580699,0.7511868699288082,0.7509345525403824,0.2400823956238252,0.18147136999338268,93610,0.5,4.76
cbb5634c16852216,1,512,0.001,77926ed46926273d,20,7320,20.0,366,0.23183996930636994,0.747798863006284,0.7435050008546894,0.24910775178008776,0.19379916711462694,93610,0.5,4.61
cbb5634c16852216,1,512,0.001,77926ed46926273d,21,7686,21.0,366,0.22601316600549418,0.753969420215953,0.7504160352450436,0.2414909620063398,0.1846910533933401,93610,0.5,4.5
cbb5634c16852216,1,512,0.001,77926ed46926273d,22,8052,22.0,366,0.2200527389437123,0.7500466474791784,0.7503744724265571,0.24640582932591512,0.1943040568823477,93610,0.5,4.72
cbb5634c16852216,1,512,0.001,77926ed46926273d,23,8418,23.0,366,0.215413970170451,0.7546643011797616,0.7565441024483397,0.23516397200752753,0.174904150426004,93610,0.5,4.76
cbb5634c16852216,1,512,0.001,77926ed46926273d,24,8784,24.0,366,0.20800448640611002,0.7559136872424095,0.7529079435403081,0.24669297619717662,0.19903620239190437,93610,0.5,4.78
cbb5634c16852216,1,512,0.001,77926ed46926273d,25,9150,25.0,366,0.20166491305893236,0.7487552747820241,0.7502736963315775,0.24608486884782713,0.19508061523528428,93610,0.5,4.75
cbb5634c16852216,1,512,0.001,77926ed46926273d,26,9516,26.0,366,0.19755144042721212,0.7495605132961703,0.7497190249713902,0.24892068062178566,0.20040274316423148,93610,0.5,4.69
cbb5634c16852216,1,512,0.001,77926ed46926273d,27,9882,27.0,366,0.19120971793359745,0.7451337241381033,0.7489016650222021,0.24646191539735937,0.19665233573409527,93610,0.5,4.49
cbb5634c16852216,1,512,0.001,77926ed46926273d,28,10248,28.0,366,0.18682364901639725,0.7535193920911162,0.7566848637896417,0.24646098357383395,0.1999548916567615,93610,0.5,4.71
cbb5634c16852216,1,512,0.001,77926ed46926273d,29,10614,29.0,366,0.18317943679097573,0.7479943387612307,0.7479626820648544,0.25527656460866427,0.21184913328656235,93610,0.5,4.65
cbb5634c16852216,1,512,0.001,77926ed46926273d,30,10980,30.0,366,0.1794929832545786,0.7517605790930455,0.749943641165965,0.2499884508031334,0.2022010683867625,93610,0.5,4.53
cbb5634c16852216,1,512,0.001,77926ed46926273d,31,11346,31.0,366,0.17336602120207306,0.7474807613471004,0.7477182640530109,0.25438383289046623,0.20938932645388025,93610,0.5,4.67
cbb5634c16852216,1,512,0.001,77926ed46926273d,32,11712,32.0,366,0.1698311905636162,0.7495171821230306,0.7487767716101739,0.25694256974879265,0.2168296788007617,93610,0.5,4.71
cbb5634c16852216,1,512,0.001,77926ed46926273d,33,12078,33.0,366,0.16610395216225274,0.7461632688454142,0.7457432591912836,0.25699086031487584,0.21326930754521545,93610,0.5,4.84
cbb5634c16852216,1,512,0.001,77926ed46926273d,34,12444,34.0,366,0.16131773086193482,0.750477295087149,0.7526244945398417,0.2510457434429658,0.20935054851319906,93610,0.5,4.76
cbb5634c16852216,1,512,0.001,77926ed46926273d,35,12810,35.0,366,0.15708120499070877,0.7486076547735908,0.7518043731546563,0.2557162156395951,0.2182681937033946,93610,0.5,4.77
cbb5634c16852216,1,512,0.001,77926ed46926273d,36,13176,36.0,366,0.1551108678670529,0.7464509994091091,0.7466752683758484,0.2604014082106581,0.22032561041491033,93610,0.5,4.78
cbb5634c16852216,1,512,0.001,77926ed46926273d,37,13542,37.0,366,0.1507888013914309,0.7513048073381314,0.7530969561769876,0.25637039617871227,0.21686031958568955,93610,0.5,4.83
cbb5634c16852216,1,512,0.001,77926ed46926273d,38,13908,38.0,366,0.1477299443970287,0.7481340194598942,0.7497222855610803,0.25762122447417934,0.22031667963738602,93610,0.5,4.76
cbb5634c16852216,1,512,0.001,77926ed46926273d,39,14274,39.0,366,0.14349429323617877,0.7514657492055448,0.7514292544758445,0.2598685931793168,0.22510471313413052,93610,0.5,4.76
cbb5634c16852216,1,512,0.001,77926ed46926273d,40,14640,40.0,366,0.14081003832442512,0.7498805043343046,0.7507566634764118,0.2563399783867129,0.21848628415955235,93610,0.5,4.82
cbb5634c16852216,1,512,0.001,77926ed46926273d,41,15006,41.0,366,0.1374905070931208,0.7499639724595281,0.7509018112991119,0.25871707749122336,0.22113515844659767,93610,0.5,4.78
cbb5634c16852216,1,512,0.001,77926ed46926273d,42,15372,42.0,366,0.13521333283088247,0.7507331201767509,0.7501184771074183,0.25790180654006883,0.2187011193544392,93610,0.5,4.68
cbb5634c16852216,1,512,0.001,77926ed46926273d,43,15738,43.0,366,0.1322714690872229,0.748211031140069,0.7512051540962424,0.2595322681738683,0.2242929075293205,93610,0.5,4.81
cbb5634c16852216,1,512,0.001,77926ed46926273d,44,16104,44.0,366,0.130434717290877,0.7491284494408273,0.7500685154061094,0.2628248927857905,0.2277278385468268,93610,0.5,4.77
cbb5634c16852216,1,512,0.001,77926ed46926273d,45,16470,45.0,366,0.12785216286534168,0.7480358855232057,0.7487499195608233,0.2618507442325951,0.2282045855535899,93610,0.5,4.69
cbb5634c16852216,1,512,0.001,77926ed46926273d,46,16836,46.0,366,0.12490118252205067,0.7491431229704231,0.7525524497953122,0.2614170856161134,0.22787694554197718,93610,0.5,4.7
cbb5634c16852216,1,512,0.001,77926ed46926273d,47,17202,47.0,366,0.12345655429395822,0.7497213696509006,0.7506839534218623,0.2634162898921249,0.23086563286910278,93610,0.5,4.84
cbb5634c16852216,1,512,0.001,77926ed46926273d,48,17568,48.0,366,0.12071524519737953,0.7490412415766781,0.7503312578589746,0.2625784798826732,0.2294342685912368,93610,0.5,4.69
cbb5634c16852216,1,512,0.001,77926ed46926273d,49,17934,49.0,366,0.11930044878864549,0.7489807166736921,0.7508359259787712,0.2646316313864497,0.23244957955854745,93610,0.5,4.48
cbb5634c16852216,1,512,0.001,77926ed46926273d,50,18300,50.0,366,0.11834620328141691,0.750090232132244,0.7508821918429773,0.26375043049604313,0.23167332074509667,93610,0.5,4.47
cbb5634c16852216,1,512,0.001,77926ed46926273d,51,18666,51.0,366,0.11639932891140219,0.7491347720803478,0.7505844506595076,0.26329168953297916,0.23181887575371152,93610,0.5,4.72
cbb5634c16852216,1,512,0.001,77926ed46926273d,52,19032,52.0,366,0.11569782682373876,0.7486736402574558,0.7510683672690706,0.2648332195550213,0.23400457471587527,93610,0.5,4.77
cbb5634c16852216,1,512,0.001,77926ed46926273d,53,19398,53.0,366,0.11421278387796684,0.7510883448613528,0.7527504373842789,0.26408788600991967,0.232231261838808,93610,0.5,4.77
cbb5634c16852216,1,512,0.001,77926ed46926273d,54,19764,54.0,366,0.11200755122092253,0.7509490079918953,0.7530867170215438,0.26383098388876997,0.23301456250439798,93610,0.5,4.75
ce360d9c04dcea1a,2,512,0.001,77926ed46926273d,1,366,1.0,366,0.6710758995814402,0.6374021036560269,0.635204877655935,0.23621992593562063,0.028883582477914182,93610,0.5,4.94
ce360d9c04dcea1a,2,512,0.001,77926ed46926273d,2,732,2.0,366,0.6125310564953121,0.6818676499280072,0.6826736801222062,0.22818354353114648,0.04600287610795294,93610,0.5,4.78
ce360d9c04dcea1a,2,512,0.001,77926ed46926273d,3,1098,3.0,366,0.5452100610146757,0.7287235830761527,0.7240184524361707,0.21800047078606025,0.06182938350911064,93610,0.5,4.84
ce360d9c04dcea1a,2,512,0.001,77926ed46926273d,4,1464,4.0,366,0.49029594570235474,0.7287703880965274,0.7284667866682051,0.2225616107918992,0.09666738989486257,93610,0.5,4.52
ce360d9c04dcea1a,2,512,0.001,77926ed46926273d,5,1830,5.0,366,0.4479411220778533,0.7349937381019807,0.7389282916877981,0.2226803487149706,0.11374006743061181,93610,0.5,4.67
ce360d9c04dcea1a,2,512,0.001,77926ed46926273d,6,2196,6.0,366,0.41495660729095585,0.7378613573681965,0.7370697498586102,0.22755487684912998,0.1267836531739561,93610,0.5,4.57
ce360d9c04dcea1a,2,512,0.001,77926ed46926273d,7,2562,7.0,366,0.3904027174242207,0.7468976999064494,0.7427135288829738,0.2260271818439964,0.1289948461201858,93610,0.5,4.55
ce360d9c04dcea1a,2,512,0.001,77926ed46926273d,8,2928,8.0,366,0.3665566080417789,0.7544976494835004,0.7538259376212401,0.2217952393966248,0.12606942918382177,93610,0.5,4.76
ce360d9c04dcea1a,2,512,0.001,77926ed46926273d,9,3294,9.0,366,0.34979872055392447,0.7538981226116984,0.7501863679437609,0.2167126980255923,0.10766397087358626,93610,0.5,4.7
ce360d9c04dcea1a,2,512,0.001,77926ed46926273d,10,3660,10.0,366,0.3316830596962913,0.7529176868488477,0.7512597907701553,0.22608089930675848,0.14038261142613648,93610,0.5,4.59
ce360d9c04dcea1a,2,512,0.001,77926ed46926273d,11,4026,11.0,366,0.3180055414718357,0.7509884324148873,0.7471180738473809,0.23475792621455951,0.1597564159404144,93610,0.5,4.77
ce360d9c04dcea1a,2,512,0.001,77926ed46926273d,12,4392,12.0,366,0.3039114318910192,0.7569985871222726,0.7530112640181706,0.22739931689918982,0.14649147199261509,93610,0.5,4.56
ce360d9c04dcea1a,2,512,0.001,77926ed46926273d,13,4758,13.0,366,0.29368192645532837,0.755198005206895,0.7450938362724079,0.23112609871898768,0.1479985453482188,93610,0.5,4.52
ce360d9c04dcea1a,2,512,0.001,77926ed46926273d,14,5124,14.0,366,0.28184498801746005,0.7538371106838289,0.7492142509497586,0.23503756355543903,0.163893357410495,93610,0.5,4.7
ce360d9c04dcea1a,2,512,0.001,77926ed46926273d,15,5490,15.0,366,0.27030493103252734,0.7512228344240821,0.7464503342475317,0.2391079949792162,0.1726377857374368,93610,0.5,4.76
ce360d9c04dcea1a,2,512,0.001,77926ed46926273d,16,5856,16.0,366,0.2628839303398393,0.7618773451548515,0.7529102389169365,0.23354480516438886,0.1651431046328948,93610,0.5,4.76
ce360d9c04dcea1a,2,512,0.001,77926ed46926273d,17,6222,17.0,366,0.25327478564990674,0.7694212047752703,0.7646104420966824,0.2264365350363017,0.15998799469407257,93610,0.5,4.77
ce360d9c04dcea1a,2,512,0.001,77926ed46926273d,18,6588,18.0,366,0.2454453244642482,0.7586804596009245,0.7507170303993386,0.24138552649954814,0.18326013384807355,93610,0.5,4.75
ce360d9c04dcea1a,2,512,0.001,77926ed46926273d,19,6954,19.0,366,0.238149043437236,0.7602619914165668,0.7532146466665726,0.23748254744366082,0.1769100782033104,93610,0.5,4.49
ce360d9c04dcea1a,2,512,0.001,77926ed46926273d,20,7320,20.0,366,0.23118615463946035,0.7589421101450594,0.7519203466194451,0.23899844699841702,0.18151259330650038,93610,0.5,4.51
ce360d9c04dcea1a,2,512,0.001,77926ed46926273d,21,7686,21.0,366,0.2217250356013006,0.7639133597893122,0.754676654594352,0.24005690965424092,0.18604935588914362,93610,0.5,4.56
ce360d9c04dcea1a,2,512,0.001,77926ed46926273d,22,8052,22.0,366,0.21709228168582656,0.7604255475375434,0.7555417582404665,0.23833724164245262,0.18246762490543636,93610,0.5,4.51
ce360d9c04dcea1a,2,512,0.001,77926ed46926273d,23,8418,23.0,366,0.21108111604803897,0.7544171057720361,0.7493196301227774,0.24218112004219933,0.18633363579200574,93610,0.5,4.67
ce360d9c04dcea1a,2,512,0.001,77926ed46926273d,24,8784,24.0,366,0.2051573561026099,0.7637541612569201,0.7572806280289224,0.24020917304893566,0.18852145152817998,93610,0.5,4.68
ce360d9c04dcea1a,2,512,0.001,77926ed46926273d,25,9150,25.0,366,0.19951993792923423,0.7588399859244913,0.7557382406083075,0.24766844884704697,0.20095251791581722,93610,0.5,4.77
ce360d9c04dcea1a,2,512,0.001,77926ed46926273d,26,9516,26.0,366,0.19369910128129636,0.7525626564840635,0.7485679795234237,0.24990995868666896,0.20296320958552225,93610,0.5,4.63
ce360d9c04dcea1a,2,512,0.001,77926ed46926273d,27,9882,27.0,366,0.18742681775099593,0.7611775640452326,0.7551859182603762,0.24330664469981944,0.1938345128907992,93610,0.5,4.77
ce360d9c04dcea1a,2,512,0.001,77926ed46926273d,28,10248,28.0,366,0.1831751858276096,0.757660678519168,0.7511225990510533,0.24873655312880366,0.20512283214473118,93610,0.5,4.84
ce360d9c04dcea1a,2,512,0.001,77926ed46926273d,29,10614,29.0,366,0.17744183780554215,0.7604164352412891,0.7584936322128093,0.24568194681110964,0.20215523178990139,93610,0.5,4.76
ce360d9c04dcea1a,2,512,0.001,77926ed46926273d,30,10980,30.0,366,0.17455489098862872,0.7666307204851763,0.7612168921963027,0.24484305176767468,0.20275976001504942,93610,0.5,4.75
ce360d9c04dcea1a,2,512,0.001,77926ed46926273d,31,11346,31.0,366,0.16919229820859236,0.7550733823356007,0.7512898198745587,0.2541237415431829,0.21239499093570924,93610,0.5,4.77
ce360d9c04dcea1a,2,512,0.001,77926ed46926273d,32,11712,32.0,366,0.1656550604626129,0.7573972943702107,0.7516130388941265,0.2531840621780267,0.21156844346955853,93610,0.5,4.84
ce360d9c04dcea1a,2,512,0.001,77926ed46926273d,33,12078,33.0,366,0.16105561626087772,0.759107099978116,0.7510558452900176,0.2558787662983562,0.2172560341431801,93610,0.5,4.49
ce360d9c04dcea1a,2,512,0.001,77926ed46926273d,34,12444,34.0,366,0.156664294562216,0.7600424424472245,0.755038292471677,0.25600298574222086,0.22121981033721466,93610,0.5,4.7
ce360d9c04dcea1a,2,512,0.001,77926ed46926273d,35,12810,35.0,366,0.15212931901297935,0.7614318299513322,0.7540901396478885,0.25481574967934034,0.21688606222878454,93610,0.5,4.57
ce360d9c04dcea1a,2,512,0.001,77926ed46926273d,36,13176,36.0,366,0.1482443410923572,0.7585170102025742,0.7564847789335138,0.25425658745885277,0.21930289153415747,93610,0.5,4.65
ce360d9c04dcea1a,2,512,0.001,77926ed46926273d,37,13542,37.0,366,0.14423499445690482,0.7599906133399353,0.7584930319502527,0.25456806709337976,0.2216036712865899,93610,0.5,4.77
ce360d9c04dcea1a,2,512,0.001,77926ed46926273d,38,13908,38.0,366,0.14121259991181354,0.7584696535885149,0.7527565511611252,0.2599093962364587,0.22545726389824527,93610,0.5,4.76
ce360d9c04dcea1a,2,512,0.001,77926ed46926273d,39,14274,39.0,366,0.13734377212211735,0.7587297209016426,0.7544710151413263,0.2560997543380373,0.22045529743907066,93610,0.5,4.61
ce360d9c04dcea1a,2,512,0.001,77926ed46926273d,40,14640,40.0,366,0.13409240997798455,0.7555881928638791,0.7533139490370927,0.2582166453158885,0.22585104786835486,93610,0.5,4.83
ce360d9c04dcea1a,2,512,0.001,77926ed46926273d,41,15006,41.0,366,0.13160920196055062,0.7563243582403674,0.7535702234897323,0.2601549252882266,0.22860982647954,93610,0.5,4.64
ce360d9c04dcea1a,2,512,0.001,77926ed46926273d,42,15372,42.0,366,0.12939579921260558,0.7563543141330142,0.7542899739001048,0.2617844569783984,0.22992651917264315,93610,0.5,4.54
ce360d9c04dcea1a,2,512,0.001,77926ed46926273d,43,15738,43.0,366,0.1255984129231484,0.7589919013336046,0.7537300095022932,0.2605460575905407,0.22866701329257272,93610,0.5,4.76
ce360d9c04dcea1a,2,512,0.001,77926ed46926273d,44,16104,44.0,366,0.12276568742153424,0.7578178274305769,0.7538320539086901,0.26074402052468326,0.23126617902475252,93610,0.5,4.77
ce360d9c04dcea1a,2,512,0.001,77926ed46926273d,45,16470,45.0,366,0.12103054348806866,0.756299215726078,0.7555680616087577,0.2602294718957679,0.2319565898392509,93610,0.5,4.77
ce360d9c04dcea1a,2,512,0.001,77926ed46926273d,46,16836,46.0,366,0.11918456524691946,0.7577638966573677,0.754017509932662,0.2619422332522139,0.23404304271929988,93610,0.5,4.76
ce360d9c04dcea1a,2,512,0.001,77926ed46926273d,47,17202,47.0,366,0.1169706041939923,0.753228233274612,0.7521172311403753,0.26346651748363165,0.2338046739195594,93610,0.5,4.82
4fb444743ca8b7bb,3,512,0.001,77926ed46926273d,1,366,1.0,366,0.6738197086938743,0.6498618544792598,0.6564079161119611,0.23425533609049015,0.03588476157749696,93610,0.5,5.22
4fb444743ca8b7bb,3,512,0.001,77926ed46926273d,2,732,2.0,366,0.6193492656848469,0.6811129884690416,0.6871200348572238,0.2315677563666298,0.08741455620485841,93610,0.5,4.8
4fb444743ca8b7bb,3,512,0.001,77926ed46926273d,3,1098,3.0,366,0.5524440494879999,0.7097134658314563,0.7095645233234584,0.22785385039993303,0.09298540249040782,93610,0.5,4.72
4fb444743ca8b7bb,3,512,0.001,77926ed46926273d,4,1464,4.0,366,0.49306892884559317,0.7418151406523346,0.7397074187921506,0.21608271111456334,0.08685459058865348,93610,0.5,4.77
4fb444743ca8b7bb,3,512,0.001,77926ed46926273d,5,1830,5.0,366,0.449893046272257,0.7395073195985292,0.7387822635560939,0.21900219484203556,0.10069034921196554,93610,0.5,4.75
4fb444743ca8b7bb,3,512,0.001,77926ed46926273d,6,2196,6.0,366,0.41519193253556236,0.7444589987592576,0.7392216226532515,0.223614373321746,0.11720799153509799,93610,0.5,4.84
4fb444743ca8b7bb,3,512,0.001,77926ed46926273d,7,2562,7.0,366,0.38761942194459215,0.7439064262668927,0.7394809817250749,0.22149130141880774,0.11218103577461198,93610,0.5,4.73
4fb444743ca8b7bb,3,512,0.001,77926ed46926273d,8,2928,8.0,366,0.36538981226949746,0.7559174729545881,0.7494349357669423,0.22174400941742278,0.12049166239395506,93610,0.5,4.61
4fb444743ca8b7bb,3,512,0.001,77926ed46926273d,9,3294,9.0,366,0.34679301197085877,0.7595939678243087,0.7532811858850976,0.2281311302814461,0.14957531369759758,93610,0.5,4.51
4fb444743ca8b7bb,3,512,0.001,77926ed46926273d,10,3660,10.0,366,0.331272273115773,0.7540155165236846,0.7480892678521136,0.22790422396024612,0.14294155965537583,93610,0.5,4.83
4fb444743ca8b7bb,3,512,0.001,77926ed46926273d,11,4026,11.0,366,0.3172153600903808,0.7529127189113428,0.7478617687996099,0.2364001329129264,0.16673424247777524,93610,0.5,4.79
4fb444743ca8b7bb,3,512,0.001,77926ed46926273d,12,4392,12.0,366,0.3054754760095982,0.7633806377268983,0.7562058408034544,0.22341471704601576,0.13905831800981855,93610,0.5,4.57
4fb444743ca8b7bb,3,512,0.001,77926ed46926273d,13,4758,13.0,366,0.29451819708764226,0.7547724501078051,0.7463807302664169,0.23184486378192604,0.1533072303147028,93610,0.5,4.51
4fb444743ca8b7bb,3,512,0.001,77926ed46926273d,14,5124,14.0,366,0.28359058405695065,0.7575472801041305,0.7478156745694124,0.2383714637652581,0.17447825105612894,93610,0.5,4.67
4fb444743ca8b7bb,3,512,0.001,77926ed46926273d,15,5490,15.0,366,0.27395497217692966,0.7561175615981366,0.7488906692620528,0.24083592027023024,0.17743024184070266,93610,0.5,4.71
4fb444743ca8b7bb,3,512,0.001,77926ed46926273d,16,5856,16.0,366,0.2665856691901801,0.754077429080769,0.7441298550042972,0.24054002641929487,0.17448737144663312,93610,0.5,4.67
4fb444743ca8b7bb,3,512,0.001,77926ed46926273d,17,6222,17.0,366,0.2565505678455035,0.7492300184277232,0.7373781330353232,0.24961286944325736,0.1920075283587367,93610,0.5,4.59
4fb444743ca8b7bb,3,512,0.001,77926ed46926273d,18,6588,18.0,366,0.2508608592582531,0.7536607474676564,0.7402180824621757,0.25101203361368923,0.19722530110464445,93610,0.5,4.52
4fb444743ca8b7bb,3,512,0.001,77926ed46926273d,19,6954,19.0,366,0.24197911344916442,0.7536323188201121,0.7423039377874192,0.2500335480873605,0.1967284491344203,93610,0.5,4.52
4fb444743ca8b7bb,3,512,0.001,77926ed46926273d,20,7320,20.0,366,0.23608825819902732,0.753857648721933,0.7402282239323061,0.24795491992099944,0.19001978215829826,93610,0.5,4.74
4fb444743ca8b7bb,3,512,0.001,77926ed46926273d,21,7686,21.0,366,0.2290543394743419,0.7535839691889263,0.7469413775484754,0.24584583888844083,0.19185029721536592,93610,0.5,4.83
4fb444743ca8b7bb,3,512,0.001,77926ed46926273d,22,8052,22.0,366,0.22291707369636315,0.7591099873356186,0.7491067535118012,0.24897396087347717,0.19914820216285542,93610,0.5,4.76
4fb444743ca8b7bb,3,512,0.001,77926ed46926273d,23,8418,23.0,366,0.2162302904278854,0.750651969078655,0.7431031401366233,0.24974547323944302,0.19732287126965004,93610,0.5,4.79
4fb444743ca8b7bb,3,512,0.001,77926ed46926273d,24,8784,24.0,366,0.21039049307016727,0.7564086276307653,0.7458265391162751,0.24909473133971094,0.19917257296850838,93610,0.5,4.85
4fb444743ca8b7bb,3,512,0.001,77926ed46926273d,25,9150,25.0,366,0.20622739529674822,0.7590258177683066,0.7486375554314226,0.2503036244260572,0.20185729777180064,93610,0.5,4.79
4fb444743ca8b7bb,3,512,0.001,77926ed46926273d,26,9516,26.0,366,0.20017364222169573,0.753392249069743,0.7415426393939466,0.2571017417418569,0.2116545893532906,93610,0.5,4.78
4fb444743ca8b7bb,3,512,0.001,77926ed46926273d,27,9882,27.0,366,0.19591653408085713,0.7513894117287652,0.7395316342989158,0.25787773148003507,0.21299528006048737,93610,0.5,4.77
4fb444743ca8b7bb,3,512,0.001,77926ed46926273d,28,10248,28.0,366,0.19143701234801871,0.7577990821033648,0.7463243635582155,0.25274872823347433,0.2082756660247674,93610,0.5,4.85
4fb444743ca8b7bb,3,512,0.001,77926ed46926273d,29,10614,29.0,366,0.1855327237417789,0.7519678456501571,0.7422701968693433,0.2592609359988439,0.2166637833790138,93610,0.5,4.74
4fb444743ca8b7bb,3,512,0.001,77926ed46926273d,30,10980,30.0,366,0.18143170583443563,0.7570127140328007,0.7477828678242049,0.2546517805630772,0.2099670905425224,93610,0.5,4.78
4fb444743ca8b7bb,3,512,0.001,77926ed46926273d,31,11346,31.0,366,0.1772888522249102,0.7570525111793118,0.7476724021677877,0.2565363445947729,0.2184861635725186,93610,0.5,4.72
4fb444743ca8b7bb,3,512,0.001,77926ed46926273d,32,11712,32.0,366,0.1718823185465375,0.7557990633300871,0.7425968679692037,0.26022194097614765,0.22154251187333865,93610,0.5,4.84
4fb444743ca8b7bb,3,512,0.001,77926ed46926273d,33,12078,33.0,366,0.1686206348851079,0.7571393230002909,0.7468312038068149,0.2556160588190661,0.2167504685215006,93610,0.5,4.77
4fb444743ca8b7bb,3,512,0.001,77926ed46926273d,34,12444,34.0,366,0.1635842108539219,0.7578610729038804,0.7459383369903894,0.2568975653903686,0.21887871698485004,93610,0.5,4.61
4fb444743ca8b7bb,3,512,0.001,77926ed46926273d,35,12810,35.0,366,0.16019656089811377,0.7546420955014261,0.7415924636967539,0.2634647180289577,0.2262184924811935,93610,0.5,4.52
4fb444743ca8b7bb,3,512,0.001,77926ed46926273d,36,13176,36.0,366,0.15834486449921065,0.7585479860943889,0.7487940888425787,0.2569432661893377,0.21987096358823705,93610,0.5,4.6
4fb444743ca8b7bb,3,512,0.001,77926ed46926273d,37,13542,37.0,366,0.15258200696664428,0.7607116538290264,0.7509215368853183,0.2562576687819976,0.22011966134802013,93610,0.5,4.59
4fb444743ca8b7bb,3,512,0.001,77926ed46926273d,38,13908,38.0,366,0.14877356373058642,0.7562911356451236,0.744714733721761,0.2644570345779339,0.23007519154270245,93610,0.5,4.8
4fb444743ca8b7bb,3,512,0.001,77926ed46926273d,39,14274,39.0,366,0.14725158320831472,0.7537862649701956,0.7439995437091622,0.26561819759245875,0.23055737105074947,93610,0.5,4.78
4fb444743ca8b7bb,3,512,0.001,77926ed46926273d,40,14640,40.0,366,0.14388216700140244,0.756223237475538,0.7466960534368792,0.26438948944164065,0.23036741554401335,93610,0.5,4.77
4fb444743ca8b7bb,3,512,0.001,77926ed46926273d,41,15006,41.0,366,0.13809791416988346,0.754712143875232,0.7465730254035108,0.26332881676781505,0.22992010653230582,93610,0.5,4.62
4fb444743ca8b7bb,3,512,0.001,77926ed46926273d,42,15372,42.0,366,0.13622297796476734,0.7574787265352273,0.7456712018937347,0.26479932401559264,0.23217487196170183,93610,0.5,4.5
33cc556e46c96500,4,512,0.001,77926ed46926273d,1,366,1.0,366,0.669646006627161,0.6414424569494275,0.6443064394672129,0.23368615877303123,0.018280814116409392,93610,0.5,4.97
33cc556e46c96500,4,512,0.001,77926ed46926273d,2,732,2.0,366,0.6113301644234058,0.6785959987901024,0.6768285381161188,0.23923553850871976,0.1027599998279306,93610,0.5,4.5
33cc556e46c96500,4,512,0.001,77926ed46926273d,3,1098,3.0,366,0.5416802551414146,0.7279476318565166,0.725521517638116,0.21621556505927317,0.05817004498398135,93610,0.5,4.85
33cc556e46c96500,4,512,0.001,77926ed46926273d,4,1464,4.0,366,0.4822097757800681,0.7334836060309379,0.7321450310567974,0.21679880673835297,0.07422282703089343,93610,0.5,4.72
33cc556e46c96500,4,512,0.001,77926ed46926273d,5,1830,5.0,366,0.4378387450846167,0.7308270546984312,0.7349188037050259,0.22859971790779854,0.12893293105540543,93610,0.5,4.54
33cc556e46c96500,4,512,0.001,77926ed46926273d,6,2196,6.0,366,0.4077903315669201,0.7415090508820924,0.7452359912270828,0.22024297765855283,0.11190843020604799,93610,0.5,4.85
33cc556e46c96500,4,512,0.001,77926ed46926273d,7,2562,7.0,366,0.3823385995105316,0.7379740836030376,0.7358378622819899,0.22979575662774318,0.1349055732926567,93610,0.5,4.65
33cc556e46c96500,4,512,0.001,77926ed46926273d,8,2928,8.0,366,0.364679006279492,0.7524811919680299,0.7525256885841736,0.2197191617699392,0.1217790250256556,93610,0.5,4.63
33cc556e46c96500,4,512,0.001,77926ed46926273d,9,3294,9.0,366,0.3451412432506436,0.7467443807851849,0.7456993094732466,0.22642370551537358,0.1333441346433951,93610,0.5,4.5
33cc556e46c96500,4,512,0.001,77926ed46926273d,10,3660,10.0,366,0.32908210239775193,0.7427752220484849,0.7448561407447257,0.23418864847570614,0.15675203384079964,93610,0.5,4.55
33cc556e46c96500,4,512,0.001,77926ed46926273d,11,4026,11.0,366,0.31410256195100933,0.7516253701404777,0.7561481551152851,0.22873819558283554,0.15567278556809616,93610,0.5,4.51
33cc556e46c96500,4,512,0.001,77926ed46926273d,12,4392,12.0,366,0.3016133049065298,0.7486995760780784,0.7454417870222574,0.23459490609949102,0.16084657022769464,93610,0.5,4.49
33cc556e46c96500,4,512,0.001,77926ed46926273d,13,4758,13.0,366,0.2923938345387985,0.7425207449257969,0.740179782743983,0.23936945337671628,0.16728288453431514,93610,0.5,4.51
33cc556e46c96500,4,512,0.001,77926ed46926273d,14,5124,14.0,366,0.28184722742584883,0.74657440720175,0.7422863414215137,0.2388672970945126,0.16749426602830522,93610,0.5,4.7
33cc556e46c96500,4,512,0.001,77926ed46926273d,15,5490,15.0,366,0.27234354509356246,0.7498141836566298,0.7485716062048022,0.23560554446535967,0.1649790878040096,93610,0.5,4.78
33cc556e46c96500,4,512,0.001,77926ed46926273d,16,5856,16.0,366,0.26377595810453747,0.7601436644758744,0.7582341428178225,0.23062442855786106,0.1648765824483237,93610,0.5,4.78
33cc556e46c96500,4,512,0.001,77926ed46926273d,17,6222,17.0,366,0.25624714604492393,0.7475261646080773,0.7450663173153802,0.24572807442175007,0.18883930552864406,93610,0.5,4.79
33cc556e46c96500,4,512,0.001,77926ed46926273d,18,6588,18.0,366,0.24664343657389365,0.7498955991758323,0.7501117963905757,0.23758436051620113,0.17535881929996747,93610,0.5,4.99
33cc556e46c96500,4,512,0.001,77926ed46926273d,19,6954,19.0,366,0.23845955285706807,0.7486988636288685,0.7506096395479265,0.24098360394338755,0.1824532741300472,93610,0.5,4.66
33cc556e46c96500,4,512,0.001,77926ed46926273d,20,7320,20.0,366,0.23318648281318893,0.7545100098482517,0.7534122142999865,0.2402740297344355,0.1843638899672251,93610,0.5,4.78
33cc556e46c96500,4,512,0.001,77926ed46926273d,21,7686,21.0,366,0.22810258911769898,0.7520202090543651,0.748269950761695,0.24641337408206745,0.19482122192229556,93610,0.5,4.86
33cc556e46c96500,4,512,0.001,77926ed46926273d,22,8052,22.0,366,0.21964018966982274,0.7467245065181924,0.740915718332661,0.25270934758928215,0.20230443882654978,93610,0.5,4.77
33cc556e46c96500,4,512,0.001,77926ed46926273d,23,8418,23.0,366,0.21385580166930057,0.7497657456901469,0.7485407072902834,0.24785008231357164,0.19652455922130174,93610,0.5,4.76
33cc556e46c96500,4,512,0.001,77926ed46926273d,24,8784,24.0,366,0.20747134793814415,0.7579692638142154,0.7580216318420616,0.24268477644636205,0.19351772344079332,93610,0.5,4.83
33cc556e46c96500,4,512,0.001,77926ed46926273d,25,9150,25.0,366,0.20299078373472548,0.7543042005738702,0.7545367050910401,0.2446837318338007,0.1938639924978635,93610,0.5,4.62
33cc556e46c96500,4,512,0.001,77926ed46926273d,26,9516,26.0,366,0.19791170567925512,0.7515729975752616,0.7519416424742409,0.2495317137801074,0.20336286482119798,93610,0.5,4.71
33cc556e46c96500,4,512,0.001,77926ed46926273d,27,9882,27.0,366,0.19235585247232614,0.7594077647983156,0.7558481991227471,0.24684413952640047,0.20284600674741407,93610,0.5,4.79
33cc556e46c96500,4,512,0.001,77926ed46926273d,28,10248,28.0,366,0.1863358761769175,0.7570609600755787,0.752223525086142,0.25078071249379374,0.2079803776812557,93610,0.5,4.85
33cc556e46c96500,4,512,0.001,77926ed46926273d,29,10614,29.0,366,0.18194146889969298,0.7523079557341018,0.7548690964876528,0.24991499133119494,0.20782542565634574,93610,0.5,4.72
33cc556e46c96500,4,512,0.001,77926ed46926273d,30,10980,30.0,366,0.1780270450427884,0.7607893743137872,0.7610447275373449,0.2460992989533635,0.20397534562555508,93610,0.5,4.77
33cc556e46c96500,4,512,0.001,77926ed46926273d,31,11346,31.0,366,0.1729601081969634,0.7567445726472684,0.7563275341085218,0.250298061162566,0.20847812310956576,93610,0.5,4.78
33cc556e46c96500,4,512,0.001,77926ed46926273d,32,11712,32.0,366,0.17112257801851288,0.7536397450722613,0.7521861218817602,0.2513085474038911,0.2081744197692533,93610,0.5,4.86
33cc556e46c96500,4,512,0.001,77926ed46926273d,33,12078,33.0,366,0.16609087484619006,0.7585786141652836,0.7585172903175903,0.24930615059009853,0.21036982631988912,93610,0.5,4.77
33cc556e46c96500,4,512,0.001,77926ed46926273d,34,12444,34.0,366,0.16126533548851482,0.7456079782952838,0.7500137223900478,0.25515745210972895,0.2162881333941125,93610,0.5,4.78
33cc556e46c96500,4,512,0.001,77926ed46926273d,35,12810,35.0,366,0.15698168495965134,0.7561275863567972,0.7562020404339369,0.25324428125477766,0.2138112766463857,93610,0.5,4.78
33cc556e46c96500,4,512,0.001,77926ed46926273d,36,13176,36.0,366,0.1540080027176383,0.7586900366537093,0.7553301355619948,0.2548765445190282,0.21698872535992267,93610,0.5,4.85
33cc556e46c96500,4,512,0.001,77926ed46926273d,37,13542,37.0,366,0.1512824375732023,0.758274693882699,0.7586957563639728,0.2545774024918595,0.2191091343732571,93610,0.5,4.77
33cc556e46c96500,4,512,0.001,77926ed46926273d,38,13908,38.0,366,0.14720711118129434,0.7573782637636263,0.7593126188050551,0.2507540638021264,0.2141770896413305,93610,0.5,4.72
33cc556e46c96500,4,512,0.001,77926ed46926273d,39,14274,39.0,366,0.14356345679264904,0.7552726608170937,0.7553131081902164,0.25672906981910554,0.22152771391043508,93610,0.5,4.77
33cc556e46c96500,4,512,0.001,77926ed46926273d,40,14640,40.0,366,0.14189819881661994,0.7576799164793893,0.7611943264324328,0.25274178016844456,0.21830817378505432,93610,0.5,4.84
33cc556e46c96500,4,512,0.001,77926ed46926273d,41,15006,41.0,366,0.13720449210841798,0.7588103952568394,0.7587158183710949,0.2581848520197053,0.22459773636519417,93610,0.5,4.77
33cc556e46c96500,4,512,0.001,77926ed46926273d,42,15372,42.0,366,0.13577682146283446,0.757434958735203,0.7583535674499573,0.25739428983590223,0.22374957340337803,93610,0.5,4.54
33cc556e46c96500,4,512,0.001,77926ed46926273d,43,15738,43.0,366,0.13117374029885875,0.7569739438978899,0.7576711052126629,0.25720058825539843,0.22440878802004685,93610,0.5,4.61
33cc556e46c96500,4,512,0.001,77926ed46926273d,44,16104,44.0,366,0.12868344859103037,0.7565281034625547,0.7551047346895989,0.26301346084514376,0.2319593622270057,93610,0.5,4.84
33cc556e46c96500,4,512,0.001,77926ed46926273d,45,16470,45.0,366,0.12756644171036657,0.7568100462744298,0.7573256605019285,0.25998439938225737,0.22797365917376627,93610,0.5,4.78
33cc556e46c96500,4,512,0.001,77926ed46926273d,46,16836,46.0,366,0.12405949572477835,0.7546534374026302,0.7561935819813322,0.2616409085435967,0.23018805740374057,93610,0.5,4.69
33cc556e46c96500,4,512,0.001,77926ed46926273d,47,17202,47.0,366,0.1225582636037811,0.759476904225293,0.7594344305649768,0.25955724828521776,0.22874829257027643,93610,0.5,4.83
33cc556e46c96500,4,512,0.001,77926ed46926273d,48,17568,48.0,366,0.12085520268463698,0.7600490783079594,0.7606746334897823,0.2577947536538186,0.22555742447642887,93610,0.5,4.75
33cc556e46c96500,4,512,0.001,77926ed46926273d,49,17934,49.0,366,0.11931454758745073,0.7615009509926808,0.760993185068558,0.259156870531654,0.22902422063075153,93610,0.5,4.65
33cc556e46c96500,4,512,0.001,77926ed46926273d,50,18300,50.0,366,0.11598012492549224,0.7604115722897591,0.7604703552405163,0.25810042718817316,0.22861534168283032,93610,0.5,4.5
33cc556e46c96500,4,512,0.001,77926ed46926273d,51,18666,51.0,366,0.11521281676539957,0.7613672374159444,0.7608816676973646,0.25839576085450333,0.22780683131278293,93610,0.5,4.8
33cc556e46c96500,4,512,0.001,77926ed46926273d,52,19032,52.0,366,0.11397309308169318,0.7600252609049188,0.760150722276192,0.25930774655906674,0.22983555813443948,93610,0.5,4.68
33cc556e46c96500,4,512,0.001,77926ed46926273d,53,19398,53.0,366,0.11310484080163181,0.7604523666642733,0.7601085276984823,0.260216703719525,0.2314137715825152,93610,0.5,4.51
33cc556e46c96500,4,512,0.001,77926ed46926273d,54,19764,54.0,366,0.11196645860219262,0.7605972977883181,0.7602309890200909,0.2604598397528363,0.23173586614993624,93610,0.5,4.78
33cc556e46c96500,4,512,0.001,77926ed46926273d,55,20130,55.0,366,0.11080672805670833,0.7598239590480506,0.7599059504974424,0.26149661450007666,0.23145210745630668,93610,0.5,4.84
33cc556e46c96500,4,512,0.001,77926ed46926273d,56,20496,56.0,366,0.11106197702917245,0.760253829673492,0.7604337298668544,0.26044967832550825,0.23151663960938504,93610,0.5,4.71
33cc556e46c96500,4,512,0.001,77926ed46926273d,57,20862,57.0,366,0.10841148751762396,0.7604333264360337,0.7605023923715256,0.26060676787339215,0.23178178455840048,93610,0.5,4.79
33cc556e46c96500,4,512,0.001,77926ed46926273d,58,21228,58.0,366,0.11101422597313187,0.7596155801677814,0.7598434097579023,0.2610006056269264,0.2319585572307921,93610,0.5,4.56
33cc556e46c96500,4,512,0.001,77926ed46926273d,59,21594,59.0,366,0.10882763741690604,0.7596387119299524,0.7597942051177724,0.2612937988117695,0.2320975915523966,93610,0.5,4.57
33cc556e46c96500,4,512,0.001,77926ed46926273d,60,21960,60.0,366,0.1097092607511523,0.7597069038631553,0.7598865266401715,0.26124715056514375,0.2318019151695075,93610,0.5,4.57
