drug_id,split,training_ddi_degree,probe_prediction
DB00006,train,138.0,38.84088
DB00014,train,136.0,199.53781
DB00027,test,0.0,-33.936493
DB00035,train,89.0,158.41515
DB00080,other,0.0,143.33087
DB00091,train,557.0,279.86746
DB00104,train,106.0,132.98357
DB00115,train,1.0,253.8056
DB00120,train,7.0,44.202957
DB00122,train,1.0,-13.757309
DB00126,train,16.0,166.19241
DB00130,train,1.0,34.889526
DB00134,train,1.0,9.241577
DB00136,train,94.0,138.54773
DB00140,train,0.0,179.96806
DB00142,train,6.0,67.14386
DB00146,train,26.0,-16.307892
DB00150,train,45.0,121.66182
DB00152,train,1.0,-0.1611023
DB00153,train,79.0,195.38374
DB00158,train,61.0,122.664
DB00162,other,0.0,181.11856
DB00163,train,32.0,-78.071594
DB00165,train,12.0,136.15694
DB00166,train,33.0,76.104095
DB00169,train,294.0,265.90625
DB00170,test,0.0,183.89966
DB00175,train,252.0,221.9291
DB00176,train,595.0,508.68933
DB00177,other,0.0,211.92386
DB00178,test,0.0,190.05106
DB00179,train,207.0,124.74646
DB00180,train,169.0,151.91736
DB00181,train,190.0,200.36852
DB00182,test,0.0,223.8938
DB00184,test,0.0,209.60107
DB00185,train,116.0,105.41112
DB00186,train,193.0,188.3038
DB00187,train,271.0,165.37769
DB00188,train,528.0,315.77405
DB00189,test,0.0,99.55383
DB00190,test,0.0,159.64679
DB00191,train,165.0,156.2864
DB00193,train,353.0,258.49152
DB00195,train,425.0,188.75839
DB00196,train,449.0,226.3927
DB00198,train,0.0,85.62863
DB00199,test,0.0,228.78802
DB00201,test,0.0,213.80467
DB00202,train,71.0,-2.692047
DB00203,train,498.0,322.79138
DB00204,train,185.0,172.87946
DB00205,train,149.0,228.92276
DB00206,train,365.0,253.85695
DB00207,train,247.0,217.42981
DB00208,other,0.0,243.7472
DB00209,train,80.0,62.154602
DB00210,train,213.0,69.03787
DB00211,test,0.0,149.82436
DB00212,test,0.0,740.3625
DB00213,test,0.0,190.2991
DB00214,train,378.0,205.81699
DB00215,train,496.0,264.83316
DB00216,train,182.0,164.76443
DB00217,other,0.0,498.9709
DB00218,test,0.0,5.5661163
DB00219,train,78.0,14.677368
DB00220,test,0.0,246.71376
DB00221,train,60.0,138.19896
DB00222,train,198.0,240.01091
DB00223,train,139.0,137.77203
DB00224,other,0.0,383.80844
DB00226,train,99.0,107.64778
DB00227,train,500.0,299.32767
DB00228,train,198.0,236.84586
DB00229,other,0.0,92.517105
DB00230,train,291.0,224.96869
DB00231,train,273.0,254.78473
DB00232,train,331.0,226.89885
DB00233,test,0.0,167.4358
DB00234,test,0.0,252.61772
DB00235,test,0.0,128.31583
DB00236,other,0.0,95.48553
DB00237,other,0.0,139.1098
DB00238,train,489.0,238.10272
DB00239,other,0.0,168.83395
DB00240,train,170.0,108.14368
DB00241,train,192.0,196.16498
DB00242,train,19.0,107.38632
DB00243,train,505.0,424.1533
DB00244,test,0.0,160.81866
DB00245,train,146.0,167.51567
DB00246,train,550.0,367.87286
DB00247,train,165.0,154.2074
DB00248,train,324.0,235.02771
DB00250,train,131.0,200.91437
DB00251,train,53.0,-41.56749
DB00252,train,624.0,307.40543
DB00253,train,139.0,112.302185
DB00254,train,423.0,246.2218
DB00255,train,154.0,155.5083
DB00256,train,1.0,40.03705
DB00257,train,503.0,237.63377
DB00258,train,74.0,85.4365
DB00259,test,0.0,131.71898
DB00260,other,0.0,198.02484
DB00261,test,0.0,51.791428
DB00262,train,35.0,171.40994
DB00263,train,477.0,215.93811
DB00264,train,490.0,192.42766
DB00266,train,278.0,145.81836
DB00267,train,3.0,8.165665
DB00268,train,462.0,318.8938
DB00270,test,0.0,202.81839
DB00271,train,1.0,133.89766
DB00273,other,0.0,274.58246
DB00274,train,3.0,153.03598
DB00275,other,0.0,215.927
DB00276,train,70.0,119.904655
DB00277,other,0.0,68.88511
DB00278,train,184.0,264.45038
DB00279,train,50.0,156.15662
DB00280,train,213.0,168.02493
DB00281,train,375.0,304.7365
DB00282,train,89.0,92.796196
DB00283,train,500.0,192.41328
DB00284,test,0.0,306.01154
DB00285,other,0.0,228.6905
DB00287,train,149.0,217.00972
DB00288,test,0.0,37.159607
DB00289,train,459.0,289.0827
DB00290,train,15.0,-138.94016
DB00291,test,0.0,168.89381
DB00292,train,208.0,149.43956
DB00293,train,12.0,68.49992
DB00294,test,0.0,118.47315
DB00295,other,0.0,253.6445
DB00296,train,351.0,464.9317
DB00297,test,0.0,268.93243
DB00298,train,213.0,150.20184
DB00300,train,170.0,146.19614
DB00301,train,23.0,168.52164
DB00302,test,0.0,124.41354
DB00303,test,0.0,67.070076
DB00304,train,80.0,71.83209
DB00305,test,0.0,151.53595
DB00307,train,104.0,106.14957
DB00308,train,110.0,127.19182
DB00309,train,69.0,118.88427
DB00310,test,0.0,186.17331
DB00312,test,0.0,331.12216
DB00313,train,375.0,355.10132
DB00314,train,24.0,-24.8703
DB00315,train,99.0,141.26733
DB00316,other,0.0,217.85242
DB00317,train,127.0,167.30879
DB00318,test,0.0,327.22043
DB00319,train,23.0,146.36166
DB00320,train,515.0,200.49715
DB00321,train,407.0,258.77863
DB00322,train,150.0,216.08891
DB00323,train,293.0,427.43488
DB00324,train,170.0,152.07547
DB00325,test,0.0,-218.00266
DB00326,train,69.0,85.4365
DB00327,train,343.0,358.65195
DB00328,other,0.0,197.26192
DB00330,train,1.0,193.09908
DB00331,train,136.0,173.41833
DB00332,test,0.0,252.22287
DB00333,other,0.0,398.1007
DB00334,train,330.0,289.17932
DB00335,train,319.0,179.45871
DB00336,train,45.0,210.68138
DB00337,train,311.0,254.50153
DB00338,train,275.0,225.47467
DB00339,train,65.0,163.25404
DB00340,train,78.0,-15.459595
DB00341,train,196.0,202.17636
DB00343,other,0.0,251.14706
DB00344,test,0.0,371.03745
DB00345,train,15.0,113.62175
DB00346,train,242.0,138.29839
DB00347,train,99.0,225.50876
DB00349,other,0.0,401.02695
DB00350,train,167.0,206.8153
DB00351,other,0.0,166.07373
DB00352,train,15.0,135.64514
DB00353,test,0.0,147.23972
DB00354,train,7.0,65.91049
DB00355,test,0.0,161.3868
DB00356,other,0.0,214.03976
DB00357,train,9.0,131.86548
DB00358,train,247.0,142.43048
DB00359,other,0.0,172.86244
DB00360,train,5.0,158.4707
DB00361,train,123.0,162.18219
DB00362,train,47.0,-57.23343
DB00363,train,544.0,236.02054
DB00364,train,53.0,150.35559
DB00366,train,205.0,185.31238
DB00367,train,114.0,97.65208
DB00368,test,0.0,164.28783
DB00369,train,2.0,-25.740875
DB00370,train,400.0,212.08536
DB00371,test,0.0,212.74948
DB00373,test,0.0,208.64359
DB00374,train,255.0,304.59387
DB00376,train,78.0,144.55743
DB00377,train,120.0,164.03314
DB00378,train,14.0,151.7156
DB00379,train,178.0,192.30698
DB00380,train,10.0,28.570465
DB00381,train,270.0,219.87933
DB00384,train,225.0,201.48381
DB00385,train,103.0,152.97034
DB00387,train,78.0,151.77768
DB00388,test,0.0,154.73288
DB00389,test,0.0,108.91926
DB00390,train,376.0,196.98132
DB00391,train,272.0,211.21036
DB00392,other,0.0,154.79883
DB00393,test,0.0,204.73846
DB00394,train,142.0,108.462036
DB00395,test,0.0,211.01822
DB00396,train,199.0,216.41025
DB00397,train,84.0,144.44836
DB00398,train,268.0,200.94537
DB00399,train,82.0,-6.8287964
DB00400,other,0.0,179.34908
DB00401,train,271.0,221.4831
DB00402,train,263.0,177.72308
DB00404,other,0.0,255.76952
DB00405,train,196.0,172.40112
DB00408,train,214.0,225.98074
DB00409,other,0.0,333.39172
DB00410,train,1.0,61.848236
DB00411,test,0.0,118.84253
DB00412,train,249.0,208.03526
DB00413,train,285.0,257.16776
DB00415,train,23.0,154.8279
DB00417,train,20.0,42.42035
DB00418,train,434.0,294.46185
DB00419,train,81.0,68.45528
DB00420,test,0.0,207.13286
DB00421,train,252.0,208.88315
DB00422,train,206.0,131.08282
DB00423,test,0.0,125.507774
DB00424,train,84.0,60.454987
DB00425,train,306.0,350.29846
DB00426,other,0.0,156.8568
DB00427,train,197.0,108.57518
DB00428,train,115.0,151.61906
DB00429,train,54.0,57.267883
DB00430,train,1.0,-12.7453
DB00432,train,7.0,80.70457
DB00433,train,309.0,212.45609
DB00434,train,205.0,196.36365
DB00435,train,169.0,157.2228
DB00436,train,374.0,206.94351
DB00437,test,0.0,218.70354
DB00438,train,4.0,92.68565
DB00440,train,288.0,268.35077
DB00441,train,19.0,133.99947
DB00442,train,3.0,85.4365
DB00443,test,0.0,198.08514
DB00444,train,106.0,164.86484
DB00445,train,109.0,168.44522
DB00446,train,152.0,267.06488
DB00448,train,141.0,155.79988
DB00449,other,0.0,118.96645
DB00450,train,287.0,169.75177
DB00451,test,0.0,94.84779
DB00452,test,0.0,137.68448
DB00453,train,0.0,16.124084
DB00454,train,375.0,401.76477
DB00455,train,307.0,269.2758
DB00456,test,0.0,133.50635
DB00457,train,226.0,180.03828
DB00458,train,506.0,246.32162
DB00459,train,15.0,115.1111
DB00460,test,0.0,-15.199402
DB00461,train,229.0,162.80142
DB00462,test,0.0,111.02836
DB00465,train,201.0,178.05026
DB00467,train,142.0,135.79707
DB00468,train,481.0,365.24612
DB00469,train,244.0,225.75644
DB00470,test,0.0,183.3889
DB00471,train,80.0,203.59306
DB00472,train,489.0,293.3545
DB00474,train,329.0,120.05792
DB00475,train,256.0,218.82869
DB00476,train,461.0,383.57623
DB00477,other,0.0,261.36472
DB00479,other,0.0,129.76625
DB00480,train,25.0,129.15067
DB00481,train,66.0,155.56465
DB00482,train,438.0,224.13916
DB00483,test,0.0,150.24837
DB00484,other,0.0,214.26926
DB00485,train,22.0,105.034386
DB00486,train,334.0,308.03424
DB00487,other,0.0,-146.69977
DB00488,train,34.0,178.4073
DB00489,train,338.0,173.87419
DB00490,train,318.0,264.41205
DB00491,train,115.0,138.75653
DB00492,train,277.0,229.9715
DB00493,test,0.0,167.07922
DB00494,other,0.0,211.66238
DB00495,train,133.0,181.01889
DB00496,train,267.0,159.13065
DB00497,train,326.0,300.15796
DB00498,other,0.0,114.18387
DB00499,other,0.0,168.74551
DB00500,test,0.0,150.02417
DB00501,train,291.0,253.76115
DB00502,train,466.0,233.71196
DB00503,train,304.0,230.89546
DB00504,train,1.0,96.50877
DB00508,other,0.0,256.45398
DB00511,train,238.0,189.72687
DB00512,train,74.0,151.66583
DB00513,train,1.0,209.63947
DB00514,test,0.0,280.42316
DB00515,train,42.0,115.30101
DB00517,train,78.0,70.7359
DB00518,train,84.0,137.44669
DB00519,train,271.0,271.65375
DB00520,test,0.0,175.04936
DB00521,train,336.0,200.92514
DB00523,train,25.0,63.222336
DB00524,train,363.0,177.8504
DB00525,train,47.0,121.1868
DB00526,train,41.0,97.033905
DB00527,train,189.0,148.71832
DB00528,train,258.0,203.99791
DB00529,train,66.0,149.15237
DB00530,train,131.0,163.61298
DB00531,train,317.0,201.48848
DB00535,train,3.0,94.08626
DB00537,train,174.0,208.86003
DB00539,train,171.0,87.77064
DB00540,train,392.0,254.319
DB00541,train,206.0,131.69067
DB00542,train,271.0,193.35977
DB00543,train,357.0,213.22974
DB00544,train,183.0,221.85995
DB00545,train,90.0,129.10172
DB00546,train,70.0,214.67288
DB00547,train,139.0,149.76422
DB00548,train,7.0,115.066765
DB00549,train,206.0,212.19849
DB00550,train,8.0,143.52728
DB00551,train,0.0,85.82181
DB00552,train,15.0,22.305923
DB00553,train,55.0,170.38878
DB00554,train,251.0,185.1148
DB00555,train,266.0,234.19814
DB00556,train,108.0,85.4365
DB00557,train,230.0,187.38556
DB00559,train,459.0,413.46997
DB00560,train,1.0,-49.372772
DB00561,train,9.0,152.95503
DB00562,train,1.0,252.63803
DB00563,train,113.0,136.50357
DB00564,train,604.0,337.51392
DB00565,other,0.0,-49.170105
DB00567,train,89.0,155.53705
DB00568,train,156.0,143.2052
DB00569,train,99.0,229.0509
DB00570,train,127.0,163.69727
DB00571,test,0.0,258.7845
DB00572,train,86.0,182.41318
DB00573,test,0.0,139.52473
DB00575,train,403.0,251.50381
DB00576,train,1.0,187.89351
DB00577,other,0.0,156.33118
DB00578,train,20.0,-78.73135
DB00581,train,1.0,85.22655
DB00582,train,497.0,337.4026
DB00583,test,0.0,193.27643
DB00584,train,323.0,213.07544
DB00585,train,29.0,146.37524
DB00586,train,308.0,197.25836
DB00588,train,360.0,316.76443
DB00589,other,0.0,223.1636
DB00590,train,270.0,217.37396
DB00591,train,139.0,173.8782
DB00592,other,0.0,286.33304
DB00593,train,243.0,172.95859
DB00594,test,0.0,191.53159
DB00595,train,1.0,152.27393
DB00596,train,139.0,157.94391
DB00598,train,360.0,189.9965
DB00599,train,350.0,229.88411
DB00601,test,0.0,135.26181
DB00602,train,71.0,76.40457
DB00603,other,0.0,253.09093
DB00604,train,225.0,173.9479
DB00605,train,208.0,144.41597
DB00606,train,121.0,201.98886
DB00607,test,0.0,106.81712
DB00608,train,482.0,213.71622
DB00609,train,2.0,148.30962
DB00610,train,62.0,33.693756
DB00611,train,266.0,179.87323
DB00612,other,0.0,96.36308
DB00613,test,0.0,290.50806
DB00614,test,0.0,136.9171
DB00615,train,456.0,277.09702
DB00617,train,91.0,178.58377
DB00618,other,0.0,119.87091
DB00619,train,407.0,216.5507
DB00620,train,194.0,188.66663
DB00621,train,62.0,105.30267
DB00622,train,487.0,324.08887
DB00623,train,288.0,219.5588
DB00624,train,176.0,183.63193
DB00625,train,408.0,384.73877
DB00626,train,4.0,109.66591
DB00627,train,26.0,162.97115
DB00628,train,238.0,321.56793
DB00629,train,144.0,199.46759
DB00630,train,81.0,123.599915
DB00631,test,0.0,-150.65182
DB00633,other,0.0,167.76295
DB00634,train,3.0,28.710167
DB00635,train,224.0,186.24432
DB00636,train,70.0,149.21043
DB00637,other,0.0,234.57047
DB00639,other,0.0,158.76051
DB00640,other,0.0,119.713905
DB00641,train,287.0,228.09094
DB00642,train,14.0,50.73278
DB00643,train,75.0,118.66201
DB00645,train,189.0,90.38519
DB00646,train,48.0,37.321564
DB00647,train,322.0,374.8377
DB00648,train,379.0,171.23886
DB00649,train,7.0,152.99515
DB00650,train,7.0,152.80237
DB00651,train,105.0,193.62189
DB00652,train,267.0,333.526
DB00653,train,301.0,309.3775
DB00654,test,0.0,185.0155
DB00655,train,268.0,169.97552
DB00656,train,306.0,223.74918
DB00657,test,0.0,157.87444
DB00658,train,11.0,85.4365
DB00660,test,0.0,-28.554596
DB00661,train,540.0,280.14697
DB00662,train,0.0,-4.5956726
DB00663,train,139.0,77.003235
DB00664,test,0.0,-113.09506
DB00665,train,39.0,107.963524
DB00666,train,1.0,-14.168762
DB00668,train,126.0,201.13673
DB00669,train,99.0,143.87613
DB00670,test,0.0,19.026184
DB00671,train,3.0,141.52829
DB00672,train,215.0,218.93175
DB00673,train,444.0,303.58694
DB00674,train,212.0,173.46545
DB00675,train,237.0,186.76944
DB00677,train,132.0,51.457886
DB00678,train,417.0,245.06798
DB00679,other,0.0,226.16528
DB00680,train,70.0,-4.907593
DB00681,train,241.0,200.35445
DB00682,other,0.0,181.42987
DB00683,other,0.0,266.94962
DB00684,other,0.0,121.90133
DB00685,test,0.0,154.09528
DB00686,train,99.0,67.552185
DB00687,train,163.0,194.3695
DB00688,train,276.0,144.49426
DB00689,other,0.0,-138.81128
DB00690,other,0.0,245.55255
DB00691,train,309.0,321.1878
DB00692,train,164.0,192.33916
DB00694,other,0.0,159.00288
DB00695,train,309.0,184.91772
DB00696,train,342.0,193.42287
DB00697,train,376.0,313.18134
DB00698,test,0.0,177.36517
DB00699,train,186.0,125.80321
DB00700,test,0.0,164.16524
DB00701,other,0.0,268.01483
DB00703,train,179.0,180.40073
DB00704,test,0.0,204.62654
DB00705,train,484.0,391.16583
DB00706,train,247.0,205.38333
DB00708,train,399.0,311.91235
DB00709,train,12.0,143.95041
DB00710,test,0.0,100.50043
DB00711,other,0.0,77.16275
DB00712,test,0.0,171.70786
DB00713,train,20.0,5.874069
DB00714,other,0.0,308.75922
DB00715,train,413.0,302.9303
DB00717,test,0.0,214.99698
DB00718,train,2.0,81.056274
DB00719,train,9.0,-22.583954
DB00720,other,0.0,38.66327
DB00721,train,189.0,231.25967
DB00722,other,0.0,206.57837
DB00723,train,62.0,70.60614
DB00724,other,0.0,147.35739
DB00726,train,398.0,278.64783
DB00727,train,141.0,209.89668
DB00728,test,0.0,40.611282
DB00730,train,22.0,163.21591
DB00731,train,209.0,200.09578
DB00732,other,0.0,103.92877
DB00734,train,412.0,211.78702
DB00735,other,0.0,-373.51398
DB00736,train,175.0,173.34793
DB00737,test,0.0,128.02347
DB00738,train,258.0,202.01367
DB00740,train,24.0,156.51767
DB00741,train,216.0,194.388
DB00742,other,0.0,116.18021
DB00743,train,108.0,147.402
DB00744,other,0.0,185.38678
DB00745,test,0.0,227.83194
DB00746,other,0.0,168.15529
DB00747,train,257.0,267.98102
DB00748,train,280.0,334.12115
DB00749,other,0.0,164.12653
DB00750,other,0.0,185.44879
DB00751,test,0.0,232.54306
DB00752,test,0.0,347.35834
DB00753,train,329.0,326.33777
DB00754,train,193.0,194.61906
DB00755,train,233.0,228.20908
DB00757,train,195.0,233.86494
DB00758,other,0.0,209.30986
DB00759,train,68.0,190.89041
DB00760,train,2.0,159.10567
DB00761,train,30.0,-5.106537
DB00762,other,0.0,162.62396
DB00763,other,0.0,228.16545
DB00764,train,140.0,161.52643
DB00765,train,286.0,194.80095
DB00766,train,1.0,65.87842
DB00768,train,437.0,252.2613
DB00769,train,2.0,16.473328
DB00770,train,85.0,157.74991
DB00771,other,0.0,24.849915
DB00772,train,120.0,203.8037
DB00773,test,0.0,190.04561
DB00774,train,363.0,234.03877
DB00775,test,0.0,1.3393555
DB00776,train,39.0,176.1852
DB00778,train,68.0,169.08891
DB00779,other,0.0,197.6591
DB00780,train,315.0,198.20087
DB00781,train,12.0,20.399826
DB00782,train,78.0,161.12328
DB00783,train,220.0,186.04272
DB00784,train,251.0,187.1436
DB00787,test,0.0,153.76215
DB00788,train,261.0,220.19751
DB00790,train,284.0,231.06415
DB00791,train,7.0,5.275528
DB00792,train,8.0,78.16969
DB00793,train,47.0,135.70749
DB00794,train,630.0,303.93597
DB00795,train,205.0,148.5508
DB00796,train,273.0,262.19153
DB00797,train,164.0,161.6443
DB00798,train,100.0,124.24765
DB00799,other,0.0,94.659454
DB00800,test,0.0,189.52003
DB00801,test,0.0,100.109924
DB00802,train,344.0,311.18738
DB00803,train,1.0,-7.9157104
DB00804,other,0.0,157.26599
DB00805,train,315.0,278.55237
DB00806,other,0.0,246.95325
DB00807,other,0.0,166.8017
DB00808,train,431.0,212.47186
DB00809,train,78.0,124.57479
DB00810,train,92.0,163.74805
DB00811,train,8.0,141.7949
DB00812,other,0.0,161.49696
DB00813,train,365.0,353.06943
DB00814,train,281.0,174.43922
DB00816,train,85.0,107.91325
DB00817,test,0.0,-157.8081
DB00818,test,0.0,295.5972
DB00819,train,61.0,176.63562
DB00820,other,0.0,254.15347
DB00821,train,201.0,141.70192
DB00822,train,68.0,192.68085
DB00823,train,68.0,153.95483
DB00826,train,48.0,121.989624
DB00827,train,141.0,103.11882
DB00828,train,1.0,112.85993
DB00829,train,292.0,267.23572
DB00830,train,28.0,1.5576172
DB00831,other,0.0,180.45659
DB00832,train,3.0,27.144836
DB00833,test,0.0,94.78702
DB00834,train,513.0,251.5936
DB00835,train,291.0,227.61661
DB00836,train,112.0,191.38332
DB00837,train,4.0,78.383606
DB00838,train,139.0,137.77203
DB00839,train,158.0,175.66759
DB00841,test,0.0,176.2761
DB00842,train,235.0,236.43445
DB00843,train,207.0,192.34412
DB00844,train,266.0,207.94415
DB00845,train,78.0,149.03983
DB00846,test,0.0,158.24286
DB00847,train,21.0,54.649902
DB00849,train,355.0,354.79553
DB00850,train,338.0,267.914
DB00851,train,35.0,143.24048
DB00852,test,0.0,241.02448
DB00853,train,17.0,84.21569
DB00854,train,266.0,380.9389
DB00855,train,7.0,-17.823212
DB00856,train,2.0,86.98003
DB00857,other,0.0,190.72859
DB00859,train,12.0,141.59305
DB00860,train,213.0,188.77643
DB00861,other,0.0,146.27658
DB00862,test,0.0,385.68634
DB00863,train,129.0,198.73015
DB00864,train,292.0,200.4185
DB00865,train,232.0,205.88524
DB00866,train,283.0,281.58447
DB00867,train,85.0,107.98755
DB00869,train,182.0,248.68108
DB00870,train,244.0,162.84868
DB00871,other,0.0,212.0608
DB00872,train,467.0,274.1941
DB00873,train,139.0,85.4365
DB00875,train,298.0,328.5272
DB00876,train,219.0,180.82962
DB00877,train,169.0,175.47614
DB00879,train,4.0,25.909348
DB00880,train,363.0,211.67267
DB00881,train,279.0,184.36601
DB00882,train,19.0,136.63176
DB00883,train,179.0,241.06961
DB00884,train,146.0,123.66109
DB00885,train,7.0,-0.22375488
DB00887,other,0.0,167.76562
DB00888,train,14.0,14.630951
DB00889,test,0.0,175.99573
DB00890,train,127.0,118.37384
DB00891,train,1.0,65.17037
DB00892,other,0.0,37.78723
DB00894,train,7.0,-46.46576
DB00896,train,139.0,135.89667
DB00897,train,266.0,146.362
DB00898,test,0.0,216.48668
DB00899,test,0.0,216.38654
DB00900,test,0.0,117.34553
DB00903,train,308.0,202.66722
DB00904,other,0.0,248.75534
DB00905,train,149.0,161.20523
DB00906,other,0.0,80.57348
DB00907,train,331.0,372.192
DB00908,train,412.0,280.8518
DB00909,train,235.0,356.0492
DB00910,train,79.0,41.92267
DB00911,train,54.0,136.31573
DB00912,test,0.0,311.48236
DB00914,train,118.0,106.87285
DB00915,train,82.0,222.76645
DB00916,train,137.0,187.16895
DB00917,train,71.0,134.19258
DB00918,other,0.0,233.69113
DB00919,train,100.0,126.547806
DB00920,other,0.0,206.82907
DB00921,train,374.0,414.43292
DB00922,test,0.0,110.15036
DB00923,train,3.0,-10.851685
DB00924,test,0.0,514.64
DB00925,train,209.0,218.10614
DB00927,train,97.0,148.72409
DB00928,other,0.0,197.62799
DB00929,other,0.0,127.80072
DB00931,train,1.0,-0.06593323
DB00932,train,316.0,274.20245
DB00933,train,277.0,228.71725
DB00934,test,0.0,217.36253
DB00935,train,66.0,151.06699
DB00936,train,317.0,209.93869
DB00937,train,135.0,165.42809
DB00938,test,0.0,189.89694
DB00939,train,201.0,151.51651
DB00940,train,97.0,142.8166
DB00943,train,109.0,148.08612
DB00944,train,88.0,115.662415
DB00945,other,0.0,191.80591
DB00946,train,307.0,99.492035
DB00947,test,0.0,141.74506
DB00948,train,20.0,-15.111664
DB00949,train,276.0,321.50995
DB00950,train,220.0,207.18085
DB00951,train,287.0,265.15924
DB00952,test,0.0,99.56605
DB00953,other,0.0,203.59494
DB00954,train,1.0,75.949196
DB00955,test,0.0,129.10689
DB00956,test,0.0,411.63083
DB00957,test,0.0,53.051735
DB00958,train,36.0,36.608383
DB00959,train,211.0,189.17924
DB00960,test,0.0,205.41603
DB00961,train,207.0,188.53558
DB00962,other,0.0,243.31197
DB00963,test,0.0,132.34015
DB00964,train,149.0,255.05557
DB00966,train,235.0,232.56305
DB00967,train,265.0,171.76363
DB00968,train,187.0,206.5321
DB00969,test,0.0,186.47101
DB00970,train,33.0,152.91765
DB00972,train,515.0,330.38593
DB00973,train,24.0,123.462105
DB00974,train,99.0,147.49683
DB00975,test,0.0,209.6807
DB00976,test,0.0,210.8043
DB00977,train,178.0,186.36069
DB00978,other,0.0,163.53195
DB00979,test,0.0,15.777679
DB00980,train,257.0,317.07367
DB00981,train,88.0,151.28522
DB00982,train,15.0,120.129745
DB00983,train,176.0,190.21036
DB00985,train,196.0,175.47089
DB00986,train,84.0,183.91582
DB00987,train,69.0,137.25107
DB00988,train,125.0,174.06743
DB00989,train,124.0,155.8693
DB00990,train,69.0,110.00767
DB00991,train,244.0,178.12726
DB00992,other,0.0,80.906075
DB00993,train,33.0,163.05846
DB00996,other,0.0,201.12375
DB00997,train,344.0,243.14084
DB00998,test,0.0,-116.12381
DB00999,other,0.0,174.13118
DB01000,train,20.0,-22.834717
DB01001,train,114.0,183.80328
DB01002,train,333.0,224.27588
DB01004,train,9.0,177.87996
DB01005,train,16.0,167.68227
DB01006,train,62.0,159.5039
DB01007,train,63.0,158.3639
DB01008,train,93.0,178.40622
DB01009,train,244.0,193.10866
DB01010,train,91.0,41.543
DB01011,train,19.0,192.04037
DB01012,other,0.0,107.296875
DB01013,train,139.0,159.51843
DB01014,test,0.0,155.48181
DB01015,train,289.0,203.20175
DB01016,train,250.0,211.59546
DB01017,test,0.0,180.25633
DB01018,train,404.0,215.50275
DB01019,train,34.0,89.06043
DB01020,train,179.0,296.40765
DB01021,train,309.0,199.05116
DB01022,train,4.0,34.918762
DB01023,train,331.0,243.76337
DB01024,train,258.0,138.73756
DB01026,test,0.0,173.6023
DB01028,train,283.0,367.2533
DB01029,train,364.0,236.4071
DB01030,train,181.0,146.93433
DB01032,other,0.0,176.37677
DB01033,train,22.0,135.27615
DB01034,train,47.0,21.637909
DB01035,test,0.0,226.73665
DB01036,train,213.0,204.27351
DB01037,train,403.0,230.36116
DB01039,train,73.0,164.72806
DB01041,train,366.0,227.17685
DB01042,train,16.0,147.42487
DB01043,test,0.0,342.16846
DB01044,train,143.0,153.3023
DB01045,test,0.0,231.02347
DB01046,train,50.0,-30.755646
DB01047,test,0.0,146.96387
DB01048,train,36.0,90.39221
DB01050,test,0.0,211.17747
DB01051,train,3.0,115.71422
DB01053,train,22.0,155.56415
DB01054,train,268.0,225.05446
DB01057,other,0.0,92.177246
DB01058,other,0.0,149.67032
DB01059,train,197.0,167.77557
DB01060,train,51.0,216.88144
DB01061,test,0.0,123.76973
DB01062,train,144.0,192.32404
DB01063,other,0.0,-17.975647
DB01064,train,92.0,162.48256
DB01065,other,0.0,281.4493
DB01066,test,0.0,-2.4044495
DB01067,train,220.0,206.17424
DB01068,train,237.0,203.60596
DB01069,train,331.0,259.21616
DB01070,train,26.0,-20.901276
DB01071,test,0.0,260.1913
DB01072,train,467.0,435.7256
DB01073,train,15.0,111.80006
DB01074,train,141.0,204.56735
DB01075,train,357.0,202.28767
DB01076,other,0.0,211.25372
DB01077,train,81.0,127.317276
DB01078,train,238.0,144.2226
DB01080,other,0.0,189.81055
DB01081,train,265.0,160.75848
DB01082,train,101.0,147.51733
DB01083,train,53.0,146.22237
DB01084,train,7.0,75.323456
DB01085,train,102.0,145.41113
DB01086,train,205.0,227.97073
DB01087,other,0.0,223.8681
DB01088,train,230.0,230.35576
DB01089,train,99.0,99.04187
DB01090,train,168.0,163.11534
DB01091,train,47.0,129.76654
DB01092,test,0.0,17.015778
DB01093,train,17.0,164.29787
DB01094,train,20.0,76.97873
DB01095,train,341.0,227.79544
DB01096,train,2.0,77.666885
DB01097,train,396.0,187.30176
DB01098,train,276.0,183.16989
DB01099,train,50.0,160.72647
DB01100,other,0.0,284.35538
DB01101,other,0.0,257.38373
DB01102,train,59.0,74.456604
DB01103,train,85.0,158.16335
DB01104,test,0.0,294.2566
DB01105,other,0.0,165.2543
DB01106,train,196.0,120.947815
DB01107,train,45.0,96.900085
DB01108,train,7.0,51.05806
DB01110,train,128.0,179.60638
DB01111,train,26.0,-7.9157104
DB01112,train,19.0,12.6067505
DB01113,train,128.0,214.16296
DB01114,train,261.0,225.82147
DB01115,test,0.0,261.06613
DB01116,train,168.0,274.05963
DB01117,train,19.0,110.45504
DB01118,train,599.0,281.5111
DB01119,train,125.0,177.5777
DB01120,train,200.0,373.383
DB01121,train,3.0,204.59758
DB01122,train,88.0,58.257812
DB01124,train,302.0,397.65533
DB01126,test,0.0,229.09366
DB01127,test,0.0,155.73654
DB01128,train,77.0,134.88264
DB01129,train,175.0,181.77579
DB01130,test,0.0,164.39899
DB01131,train,109.0,101.953445
DB01132,train,243.0,235.5997
DB01133,train,81.0,153.5798
DB01135,train,32.0,16.246918
DB01136,test,0.0,184.72348
DB01137,test,0.0,202.06717
DB01138,test,0.0,231.29591
DB01139,other,0.0,72.0925
DB01140,train,3.0,65.66599
DB01141,other,0.0,36.903732
DB01142,train,411.0,229.04108
DB01143,train,151.0,182.29266
DB01144,other,0.0,104.16805
DB01147,train,20.0,147.59485
DB01149,test,0.0,336.1001
DB01150,train,1.0,6.4833984
DB01151,train,446.0,227.66635
DB01153,other,0.0,71.39904
DB01154,train,360.0,253.6572
DB01155,other,0.0,29.064621
DB01156,other,0.0,259.9853
DB01157,train,53.0,36.240944
DB01158,train,175.0,184.22981
DB01159,train,366.0,352.0694
DB01160,other,0.0,169.17653
DB01161,other,0.0,346.0266
DB01162,train,190.0,179.58167
DB01164,train,69.0,21.33406
DB01165,train,116.0,192.50174
DB01166,other,0.0,182.78165
DB01167,train,452.0,236.39413
DB01168,train,267.0,162.29646
DB01169,train,261.0,186.34265
DB01170,train,107.0,128.68393
DB01171,train,370.0,244.85117
DB01172,test,0.0,150.13226
DB01173,other,0.0,253.91165
DB01174,train,646.0,310.06836
DB01175,train,372.0,333.2818
DB01176,train,196.0,197.78601
DB01177,train,185.0,189.17068
DB01178,train,189.0,118.55209
DB01179,train,77.0,136.18011
DB01180,train,176.0,102.548706
DB01181,train,128.0,185.59587
DB01182,test,0.0,227.54321
DB01183,train,70.0,189.59128
DB01184,train,184.0,212.1536
DB01185,test,0.0,142.26086
DB01186,train,221.0,199.85538
DB01188,train,47.0,124.10764
DB01189,train,321.0,351.95825
DB01190,train,75.0,180.39417
DB01191,train,57.0,168.34842
DB01192,train,326.0,266.68597
DB01193,train,321.0,181.79587
DB01194,train,63.0,122.8831
DB01195,other,0.0,463.49493
DB01196,train,134.0,132.20796
DB01197,train,319.0,211.56462
DB01198,train,268.0,220.40118
DB01199,train,167.0,110.518326
DB01200,train,413.0,237.2684
DB01201,test,0.0,223.65805
DB01202,train,194.0,165.4903
DB01203,train,289.0,269.10434
DB01204,train,51.0,185.18462
DB01205,test,0.0,217.96596
DB01206,train,72.0,170.46353
DB01207,train,39.0,-30.505676
DB01208,train,145.0,152.8389
DB01209,train,266.0,194.59137
DB01210,train,240.0,164.85413
DB01211,test,0.0,213.70247
DB01212,train,10.0,63.253647
DB01213,train,1.0,184.66307
DB01214,train,275.0,208.41751
DB01215,train,239.0,246.66034
DB01216,train,53.0,167.7845
DB01217,train,30.0,169.23232
DB01218,train,111.0,109.423004
DB01219,train,236.0,236.475
DB01220,train,235.0,112.676285
DB01221,train,275.0,248.931
DB01222,train,175.0,188.42215
DB01223,train,159.0,185.4657
DB01224,train,433.0,225.39194
DB01226,test,0.0,-106.303925
DB01227,train,308.0,255.9057
DB01228,test,0.0,384.57855
DB01229,train,369.0,196.63908
DB01232,other,0.0,264.51138
DB01233,train,229.0,209.68474
DB01234,train,231.0,199.97269
DB01235,train,329.0,277.2911
DB01236,test,0.0,383.11816
DB01238,train,439.0,232.18806
DB01239,train,227.0,275.92606
DB01240,train,280.0,213.1932
DB01241,train,230.0,253.31505
DB01242,test,0.0,216.69525
DB01243,test,0.0,125.64606
DB01244,train,264.0,228.01437
DB01245,train,119.0,92.07193
DB01246,train,79.0,100.1794
DB01247,other,0.0,135.63354
DB01248,train,245.0,121.88751
DB01249,train,1.0,-31.521622
DB01250,train,250.0,187.09035
DB01251,train,121.0,155.0539
DB01252,other,0.0,124.99713
DB01253,train,323.0,205.71352
DB01254,other,0.0,203.28961
DB01255,other,0.0,18.259949
DB01256,train,54.0,50.292862
DB01259,other,0.0,149.76253
DB01260,other,0.0,103.02753
DB01261,train,214.0,215.0102
DB01262,train,8.0,-4.0497894
DB01263,train,443.0,211.19827
DB01264,train,466.0,429.8574
DB01267,train,324.0,236.73949
DB01268,other,0.0,177.84102
DB01273,other,0.0,313.87146
DB01274,train,168.0,174.46277
DB01275,other,0.0,179.99371
DB01280,test,0.0,-96.33511
DB01282,train,129.0,190.72456
DB01283,train,275.0,161.31064
DB01284,test,0.0,74.35806
DB01288,train,85.0,92.83064
DB01289,test,0.0,111.89323
DB01291,train,60.0,107.02051
DB01294,train,2.0,51.606445
DB01295,train,144.0,144.77557
DB01296,other,0.0,143.28091
DB01297,train,144.0,141.75232
DB01298,train,1.0,-7.9157104
DB01299,test,0.0,162.19637
DB01301,train,15.0,68.15738
DB01303,train,19.0,76.04109
DB01319,train,406.0,502.70288
DB01320,train,612.0,645.5254
DB01321,train,67.0,88.99158
DB01324,train,309.0,216.28682
DB01325,train,225.0,153.3898
DB01326,test,0.0,17.815384
DB01327,train,6.0,99.51664
DB01328,train,3.0,33.7014
DB01329,train,3.0,36.429977
DB01330,test,0.0,93.29692
DB01331,test,0.0,15.730835
DB01332,train,3.0,21.86139
DB01333,train,5.0,64.347595
DB01336,train,32.0,-64.81253
DB01337,train,111.0,21.859955
DB01338,test,0.0,-93.47371
DB01339,train,115.0,100.32736
DB01340,train,284.0,378.86407
DB01345,other,0.0,382.17862
DB01348,train,217.0,229.9715
DB01349,train,123.0,135.14316
DB01351,train,329.0,225.7878
DB01353,train,189.0,194.33623
DB01355,other,0.0,366.79404
DB01356,other,0.0,59.89627
DB01357,train,179.0,168.45975
DB01359,train,304.0,271.85538
DB01362,train,1.0,-1.0508118
DB01364,train,49.0,63.11196
DB01365,train,177.0,135.24739
DB01366,train,85.0,140.39148
DB01367,train,319.0,204.37622
DB01369,train,16.0,36.36592
DB01370,train,107.0,141.6737
DB01377,train,147.0,85.4365
DB01378,test,0.0,382.17862
DB01380,test,0.0,146.857
DB01384,train,180.0,132.29694
DB01390,train,102.0,90.78671
DB01392,test,0.0,238.0696
DB01393,train,82.0,188.07986
DB01394,other,0.0,209.5199
DB01395,train,166.0,174.72256
DB01396,other,0.0,183.34248
DB01397,test,0.0,180.30148
DB01399,train,201.0,192.7124
DB01400,train,101.0,82.03946
DB01401,train,201.0,192.7124
DB01403,test,0.0,270.6231
DB01406,train,79.0,148.27539
DB01407,train,102.0,61.883797
DB01408,train,45.0,132.97156
DB01409,train,160.0,188.03134
DB01410,test,0.0,102.34485
DB01411,test,0.0,222.98991
DB01412,train,42.0,179.20833
DB01413,test,0.0,-87.78061
DB01414,train,4.0,50.097595
DB01415,train,1.0,46.785843
DB01416,train,19.0,142.9104
DB01418,test,0.0,142.34656
DB01420,train,75.0,81.62934
DB01421,train,100.0,31.010834
DB01422,train,47.0,130.12366
DB01423,train,6.0,85.4365
DB01424,other,0.0,264.81894
DB01426,other,0.0,127.30998
DB01427,train,67.0,155.29935
DB01429,train,45.0,84.206635
DB01431,train,67.0,99.70897
DB01433,train,265.0,214.56354
DB01435,train,326.0,194.96635
DB01436,train,3.0,131.4224
DB01437,train,191.0,164.78668
DB01438,test,0.0,111.69229
DB01440,train,189.0,186.37653
DB01452,other,0.0,290.0877
DB01463,other,0.0,94.61084
DB01466,train,327.0,425.24658
DB01489,train,7.0,120.05792
DB01501,other,0.0,214.56354
DB01511,train,10.0,120.05792
DB01544,train,271.0,203.74939
DB01545,train,189.0,120.05792
DB01551,test,0.0,370.3767
DB01553,test,0.0,120.05792
DB01558,train,255.0,330.94073
DB01559,train,87.0,145.0741
DB01563,train,192.0,110.151794
DB01567,train,193.0,180.18488
DB01575,train,7.0,85.4365
DB01576,other,0.0,179.06241
DB01577,train,211.0,234.64331
DB01578,train,99.0,85.4365
DB01579,train,0.0,106.412094
DB01580,other,0.0,237.17998
DB01581,train,2.0,124.025406
DB01582,train,1.0,168.39195
DB01583,train,50.0,99.605255
DB01586,train,15.0,118.91083
DB01587,train,245.0,371.40143
DB01588,train,235.0,177.2622
DB01589,train,289.0,157.6004
DB01590,other,0.0,143.78323
DB01591,train,190.0,176.13979
DB01592,train,53.0,40.350098
DB01595,test,0.0,223.01466
DB01597,train,45.0,93.24075
DB01598,train,3.0,133.61848
DB01599,train,1.0,127.61925
DB01600,train,201.0,192.7124
DB01601,train,507.0,348.40247
DB01602,train,20.0,-43.99829
DB01603,train,20.0,12.91098
DB01604,train,20.0,5.914612
DB01605,train,20.0,5.914612
DB01606,train,20.0,120.94928
DB01607,train,20.0,-30.079086
DB01608,other,0.0,55.54146
DB01609,test,0.0,167.93648
DB01610,train,9.0,59.931046
DB01611,test,0.0,191.6892
DB01612,train,131.0,196.9737
DB01613,other,0.0,232.6181
DB01614,other,0.0,143.24283
DB01615,train,251.0,134.49567
DB01618,train,214.0,186.6561
DB01619,test,0.0,-27.901031
DB01620,train,7.0,-49.512024
DB01621,train,308.0,306.76086
DB01622,train,112.0,55.24626
DB01623,train,260.0,254.50165
DB01624,other,0.0,236.59506
DB01626,test,0.0,212.72873
DB01627,other,0.0,151.98555
DB01628,other,0.0,209.45381
DB01656,train,99.0,91.98194
DB01685,other,0.0,186.26129
DB01708,train,169.0,134.34157
DB01764,train,15.0,15.348389
DB01878,other,0.0,280.19873
DB02187,train,139.0,210.77008
DB02300,train,30.0,-42.417755
DB02513,train,47.0,85.4365
DB02546,train,75.0,139.72089
DB02638,other,0.0,289.72513
DB02659,train,30.0,146.46808
DB02701,test,0.0,159.53464
DB02703,train,350.0,324.395
DB02709,train,255.0,166.40372
DB02959,other,0.0,198.10063
DB03128,train,77.0,80.18857
DB03585,test,0.0,100.3443
DB03615,train,100.0,110.22461
DB03619,train,29.0,23.10962
DB03754,test,0.0,148.40154
DB03756,test,0.0,133.75864
DB03793,test,0.0,153.49475
DB03796,train,13.0,71.85202
DB04272,test,0.0,151.26537
DB04339,train,12.0,114.61235
DB04398,other,0.0,168.37643
DB04552,train,201.0,186.34705
DB04570,other,0.0,-65.40469
DB04571,train,0.0,141.92006
DB04572,other,0.0,140.87994
DB04573,other,0.0,139.47177
DB04574,train,244.0,117.84557
DB04575,other,0.0,167.88797
DB04576,train,141.0,220.33601
DB04711,other,0.0,122.65106
DB04743,train,282.0,178.37
DB04786,train,8.0,137.02744
DB04794,train,62.0,140.53252
DB04835,train,57.0,17.183578
DB04839,train,165.0,187.42416
DB04840,train,142.0,115.94035
DB04841,train,316.0,236.37701
DB04842,train,213.0,195.22466
DB04844,train,291.0,273.21942
DB04845,train,62.0,109.55727
DB04846,other,0.0,207.0079
DB04854,train,4.0,163.7138
DB04855,test,0.0,147.21277
DB04861,train,336.0,251.26213
DB04865,train,69.0,-8.846222
DB04868,train,488.0,196.58084
DB04871,other,0.0,213.91249
DB04876,test,0.0,175.55402
DB04878,test,0.0,9.382263
DB04894,train,10.0,87.77194
DB04896,other,0.0,399.94388
DB04898,train,175.0,208.31879
DB04908,train,248.0,288.41934
DB04911,test,0.0,220.38274
DB04918,train,3.0,-17.796448
DB04920,train,227.0,197.51926
DB04930,other,0.0,241.10431
DB04938,train,106.0,94.749054
DB04946,train,356.0,278.82825
DB04948,train,184.0,183.58238
DB04951,train,225.0,161.25323
DB04953,other,0.0,21.229752
DB04967,train,1.0,-29.70691
DB05015,train,12.0,177.35277
DB05039,train,170.0,144.54456
DB05109,train,126.0,245.9971
DB05219,train,164.0,337.1865
DB05239,train,56.0,145.89313
DB05245,test,0.0,66.46893
DB05246,train,214.0,141.12396
DB05260,train,13.0,17.835236
DB05265,test,0.0,-88.84238
DB05266,train,40.0,142.40437
DB05271,train,349.0,282.44458
DB05294,train,153.0,167.75949
DB05316,train,6.0,155.9554
DB05351,train,92.0,35.443832
DB05381,train,92.0,126.65403
DB05521,train,414.0,425.16016
DB05528,train,7.0,-17.030334
DB05541,test,0.0,890.76654
DB05630,train,1.0,-15.420349
DB05676,train,257.0,198.27933
DB05812,train,344.0,396.2047
DB05990,test,0.0,273.7483
DB06016,train,129.0,197.75584
DB06144,other,0.0,199.7858
DB06145,train,66.0,30.942245
DB06147,train,1.0,152.60158
DB06148,other,0.0,226.78815
DB06150,train,1.0,171.3542
DB06152,train,42.0,21.040497
DB06153,train,199.0,173.60678
DB06154,other,0.0,255.51752
DB06155,other,0.0,170.65372
DB06176,train,83.0,167.80722
DB06193,train,7.0,-28.511917
DB06196,test,0.0,-49.601624
DB06201,train,183.0,178.0503
DB06202,train,1.0,114.69248
DB06203,train,220.0,212.56586
DB06204,test,0.0,279.50983
DB06206,train,19.0,85.4365
DB06207,train,243.0,169.30563
DB06209,train,131.0,149.2844
DB06210,train,119.0,28.769653
DB06211,test,0.0,38.01117
DB06212,other,0.0,322.95358
DB06213,other,0.0,55.72226
DB06216,train,351.0,271.91013
DB06217,train,45.0,149.24995
DB06218,train,57.0,209.47751
DB06228,train,187.0,201.8703
DB06237,train,149.0,192.12912
DB06243,train,7.0,93.979355
DB06261,other,0.0,-31.521622
DB06262,train,72.0,92.587135
DB06263,train,103.0,64.15428
DB06264,other,0.0,142.70816
DB06267,train,147.0,205.7541
DB06268,test,0.0,241.74219
DB06274,train,21.0,108.20703
DB06282,train,240.0,68.69241
DB06287,train,134.0,175.7573
DB06288,train,216.0,244.29048
DB06290,train,418.0,370.45715
DB06292,train,247.0,348.06302
DB06335,train,248.0,189.34064
DB06401,train,6.0,19.335938
DB06402,train,109.0,80.33502
DB06403,other,0.0,140.9863
DB06410,test,0.0,82.44554
DB06412,train,76.0,175.60094
DB06413,train,111.0,217.42484
DB06414,train,293.0,304.74277
DB06441,train,39.0,139.83246
DB06480,train,153.0,120.536896
DB06589,test,0.0,174.34608
DB06594,other,0.0,432.3675
DB06595,test,0.0,180.00998
DB06603,train,255.0,182.53177
DB06605,train,226.0,190.4617
DB06616,train,273.0,183.05429
DB06626,train,86.0,139.9554
DB06636,other,0.0,142.99686
DB06637,train,6.0,127.14333
DB06654,other,0.0,137.1398
DB06663,train,100.0,82.22423
DB06684,train,158.0,176.12428
DB06689,train,3.0,-9.239197
DB06690,test,0.0,85.4365
DB06691,test,0.0,229.20306
DB06694,other,0.0,130.26257
DB06695,train,272.0,163.60309
DB06696,other,0.0,281.30743
DB06697,test,0.0,210.0352
DB06698,train,74.0,-3.586853
DB06699,train,53.0,107.51216
DB06700,other,0.0,204.22629
DB06701,train,87.0,109.75426
DB06702,other,0.0,153.77937
DB06704,train,68.0,128.35312
DB06706,train,12.0,-95.69806
DB06707,train,38.0,132.956
DB06708,train,256.0,230.71138
DB06709,test,0.0,146.59631
DB06710,train,125.0,156.70682
DB06711,train,41.0,171.62744
DB06712,train,261.0,210.37463
DB06713,train,48.0,81.18425
DB06715,train,7.0,-56.27063
DB06716,other,0.0,51.306915
DB06717,train,377.0,358.7961
DB06718,train,62.0,106.9498
DB06723,test,0.0,85.4365
DB06724,test,0.0,85.4365
DB06725,train,244.0,214.82146
DB06729,test,0.0,242.87445
DB06730,other,0.0,226.2482
DB06736,train,244.0,300.05295
DB06737,train,244.0,205.49481
DB06738,other,0.0,412.20197
DB06739,test,0.0,220.78142
DB06742,other,0.0,142.8688
DB06764,train,37.0,22.892807
DB06766,train,7.0,-75.83716
DB06767,train,33.0,85.4365
DB06769,train,27.0,66.84375
DB06770,other,0.0,190.36774
DB06771,train,8.0,-67.85373
DB06772,train,232.0,117.23053
DB06774,train,17.0,189.50545
DB06777,train,66.0,93.433105
DB06781,train,139.0,101.688416
DB06782,train,2.0,156.73967
DB06786,train,139.0,135.72667
DB06788,other,0.0,325.1261
DB06789,train,94.0,124.07164
DB06791,train,69.0,39.246613
DB06792,train,30.0,85.4365
DB06794,train,7.0,-39.32805
DB06795,other,0.0,213.90375
DB06799,train,21.0,25.461731
DB06800,other,0.0,74.004944
DB06802,test,0.0,145.32492
DB06803,train,48.0,152.8915
DB06804,train,1.0,139.68845
DB06810,train,103.0,85.4365
DB06813,other,0.0,18.591125
DB06816,train,1.0,55.43985
DB06817,train,23.0,-31.736496
DB06819,other,0.0,124.84935
DB06820,test,0.0,183.08737
DB06824,train,16.0,-46.800964
DB06825,test,0.0,71.35046
DB06826,test,0.0,85.4365
DB06827,train,1.0,44.408447
DB07615,train,289.0,177.44359
DB08439,train,288.0,198.35768
DB08795,test,0.0,-29.371796
DB08796,test,0.0,85.4365
DB08797,train,201.0,85.4365
DB08798,other,0.0,39.882362
DB08799,other,0.0,150.15378
DB08800,test,0.0,134.49567
DB08801,train,7.0,-5.4533997
DB08802,train,7.0,134.49567
DB08804,train,62.0,58.742485
DB08806,train,26.0,0.2861328
DB08807,train,162.0,212.84283
DB08808,train,249.0,219.66064
DB08811,test,0.0,-118.87787
DB08814,train,39.0,26.934021
DB08815,train,290.0,225.17224
DB08816,train,228.0,225.45044
DB08819,train,50.0,120.54376
DB08820,other,0.0,215.15222
DB08822,other,0.0,343.23987
DB08824,train,21.0,71.30621
DB08826,train,16.0,167.5149
DB08827,train,80.0,115.60593
DB08828,train,87.0,150.98357
DB08860,other,0.0,386.09943
DB08864,other,0.0,305.73843
DB08865,train,441.0,209.14035
DB08867,train,82.0,60.06376
DB08868,train,221.0,110.52686
DB08869,other,0.0,251.42474
DB08871,train,53.0,61.14354
DB08872,train,189.0,194.72638
DB08873,other,0.0,274.48404
DB08874,train,21.0,-18.073563
DB08875,other,0.0,165.01431
DB08877,test,0.0,132.67657
DB08880,train,393.0,149.02527
DB08881,train,550.0,216.29858
DB08882,train,165.0,171.14911
DB08883,train,242.0,347.23724
DB08884,train,2.0,-110.48059
DB08887,test,0.0,85.4365
DB08889,train,11.0,141.80818
DB08893,train,258.0,166.7905
DB08895,train,177.0,146.06181
DB08896,test,0.0,196.35898
DB08897,test,0.0,11.007751
DB08899,train,405.0,264.02805
DB08901,train,118.0,157.81593
DB08903,other,0.0,134.51495
DB08905,other,0.0,49.147736
DB08906,train,169.0,143.55121
DB08907,test,0.0,224.16487
DB08908,train,6.0,2.4208221
DB08909,train,53.0,-38.802063
DB08910,train,254.0,278.6958
DB08911,other,0.0,147.77505
DB08912,train,466.0,224.94241
DB08913,other,0.0,85.4365
DB08916,train,163.0,144.25877
DB08918,train,386.0,423.59003
DB08922,train,287.0,308.71475
DB08930,train,37.0,101.08539
DB08931,train,254.0,191.18504
DB08932,train,165.0,225.35417
DB08933,other,0.0,96.47131
DB08934,train,35.0,-22.756104
DB08938,test,0.0,85.4365
DB08941,train,159.0,85.4365
DB08943,test,0.0,-227.46509
DB08947,other,0.0,-186.0282
DB08954,train,42.0,-93.09955
DB08957,train,16.0,85.4365
DB08958,train,47.0,85.4365
DB08964,train,50.0,38.59973
DB08965,train,1.0,85.4365
DB08967,train,7.0,85.4365
DB08970,train,139.0,104.3631
DB08971,test,0.0,104.3631
DB08974,train,1.0,85.4365
DB08976,train,201.0,85.4365
DB08981,train,201.0,192.7124
DB08983,train,15.0,85.4365
DB08984,train,201.0,88.17859
DB08987,train,189.0,239.8482
DB08991,other,0.0,85.4365
DB08992,train,70.0,147.69357
DB08993,test,0.0,85.4365
DB08994,train,34.0,85.4365
DB08996,train,1.0,16.450195
DB09000,other,0.0,296.37262
DB09008,train,3.0,139.27368
DB09009,train,209.0,308.77618
DB09014,other,0.0,104.58319
DB09015,train,22.0,42.443893
DB09017,train,189.0,274.8075
DB09018,train,1.0,17.631454
DB09020,other,0.0,207.21568
DB09021,test,0.0,85.4365
DB09026,train,261.0,220.97626
DB09027,train,168.0,4.72641
DB09030,train,60.0,109.798134
DB09031,train,53.0,101.80831
DB09034,train,226.0,325.84308
DB09038,train,224.0,225.11305
DB09039,train,256.0,221.94437
DB09040,train,53.0,78.675156
DB09041,train,47.0,99.334946
DB09042,train,100.0,112.54723
DB09047,train,1.0,19.10736
DB09048,other,0.0,123.545654
DB09049,train,185.0,238.13345
DB09053,other,0.0,175.40839
DB09054,train,396.0,208.2866
DB09055,train,11.0,59.283302
DB09060,train,1.0,21.708908
DB09061,test,0.0,156.0046
DB09063,train,488.0,194.01959
DB09065,other,0.0,54.887383
DB09067,train,35.0,8.068939
DB09068,train,311.0,311.78302
DB09069,test,0.0,130.00502
DB09070,train,173.0,182.60858
DB09071,other,0.0,307.16534
DB09072,train,191.0,132.9361
DB09073,train,371.0,223.00148
DB09074,other,0.0,211.23935
DB09075,train,257.0,118.188446
DB09076,train,123.0,109.58267
DB09078,train,153.0,174.9704
DB09079,other,0.0,135.93686
DB09080,train,155.0,117.59198
DB09082,test,0.0,148.47949
DB09083,train,130.0,174.5179
DB09084,other,0.0,262.52615
DB09085,train,189.0,234.90369
DB09087,test,0.0,18.91095
DB09090,train,67.0,-3.3157806
DB09091,train,139.0,162.2807
DB09093,train,58.0,168.1731
DB09094,train,7.0,85.4365
DB09095,train,139.0,82.954895
DB09096,train,1.0,153.2817
DB09097,other,0.0,8.231277
DB09099,test,0.0,145.03192
DB09101,train,69.0,123.57764
DB09102,train,70.0,119.46977
DB09104,train,147.0,85.4365
DB09112,train,140.0,202.64609
DB09117,train,192.0,175.16376
DB09118,train,531.0,407.93124
DB09119,train,121.0,238.72708
DB09120,other,0.0,390.85596
DB09123,test,0.0,36.283287
DB09124,train,21.0,106.436325
DB09125,train,22.0,85.4365
DB09128,train,295.0,197.53964
DB09130,train,1.0,100.624466
DB09134,train,1.0,42.443893
DB09135,train,1.0,-31.521622
DB09137,train,2.0,37.321564
DB09138,other,0.0,85.4365
DB09143,test,0.0,46.390503
DB09146,other,0.0,85.4365
DB09147,train,41.0,29.441536
DB09153,train,0.0,66.561005
DB09154,train,1.0,48.84088
DB09156,other,0.0,-145.13074
DB09161,train,3.0,154.23236
DB09162,other,0.0,85.4365
DB09166,train,249.0,318.92834
DB09167,train,362.0,384.17117
DB09183,train,105.0,109.56029
DB09185,train,1.0,183.5998
DB09198,train,230.0,294.86438
DB09204,other,0.0,184.53503
DB09209,other,0.0,382.9383
DB09210,train,2.0,113.00627
DB09211,test,0.0,43.58551
DB09212,train,201.0,159.76106
DB09214,train,85.0,100.01991
DB09215,other,0.0,192.7124
DB09216,train,265.0,132.72914
DB09218,other,0.0,85.4365
DB09220,train,198.0,129.42786
DB09221,train,1.0,120.72019
DB09223,test,0.0,177.49507
DB09224,train,214.0,239.85895
DB09225,train,214.0,329.00696
DB09227,other,0.0,235.33981
DB09230,train,67.0,43.62683
DB09231,other,0.0,522.4339
DB09232,train,180.0,212.79308
DB09235,train,237.0,132.35016
DB09236,train,218.0,205.48912
DB09238,other,0.0,181.60416
DB09241,train,239.0,239.2092
DB09242,train,178.0,205.89923
DB09244,train,221.0,283.0765
DB09245,train,214.0,172.89732
DB09256,train,18.0,181.92151
DB09257,train,3.0,119.76067
DB09262,train,53.0,75.313225
DB09265,train,2.0,19.45929
DB09267,test,0.0,-31.521622
DB09268,train,111.0,105.76652
DB09269,train,44.0,27.577698
DB09270,other,0.0,386.62128
DB09272,other,0.0,122.73697
DB09273,train,31.0,174.39856
DB09274,train,38.0,151.21916
DB09275,train,111.0,96.56441
DB09276,train,12.0,6.720886
DB09277,train,6.0,85.4365
DB09278,train,2.0,85.4365
DB09279,train,184.0,204.52136
DB09280,train,486.0,380.40652
DB09281,test,0.0,85.4365
DB09282,train,88.0,65.06482
DB09283,train,39.0,-57.605713
DB09285,train,50.0,128.72491
DB09286,train,306.0,284.4068
DB09288,other,0.0,377.12064
DB09289,train,119.0,183.302
DB09290,train,51.0,16.288086
DB09291,train,245.0,195.38269
DB09292,train,184.0,238.09595
DB09293,other,0.0,85.4365
DB09295,train,50.0,60.30121
DB09296,train,43.0,88.897896
DB09297,test,0.0,70.27933
DB09300,test,0.0,27.952179
DB09320,other,0.0,-171.72577
DB09321,train,1.0,85.4365
DB09322,train,1.0,85.4365
DB09323,train,20.0,85.4365
DB09324,train,20.0,110.709915
DB09330,train,396.0,201.02307
DB09338,other,0.0,291.05258
DB09342,test,0.0,354.86517
DB09343,train,27.0,-38.487183
DB09345,other,0.0,174.35712
DB09352,train,163.0,128.1323
DB09389,test,0.0,91.43338
DB09396,train,55.0,85.4365
DB09414,other,0.0,85.4365
DB09449,train,121.0,156.52039
DB09462,train,13.0,175.06091
DB09477,train,271.0,258.66168
DB09488,train,7.0,-75.83716
DB09499,train,1.0,85.42001
DB09516,test,0.0,39.694534
DB09536,other,0.0,-785.05585
DB09543,train,118.0,122.191956
DB09555,train,91.0,131.53435
DB09561,train,17.0,85.4365
DB09570,test,0.0,109.348076
DB11079,train,118.0,192.7124
DB11093,train,69.0,87.269035
DB11106,train,22.0,85.4365
DB11121,test,0.0,85.4365
DB11126,test,0.0,85.4365
DB11135,test,0.0,185.72797
DB11136,train,1.0,-105.016785
DB11148,test,0.0,180.11624
DB11156,other,0.0,-35.316406
DB11231,train,7.0,-80.91928
DB11235,other,0.0,293.41922
DB11239,other,0.0,85.4365
DB11254,other,0.0,-644.0959
DB11256,train,8.0,104.2162
DB11268,other,0.0,301.9339
DB11315,train,78.0,101.10248
DB11342,train,1.0,85.4365
DB11348,train,69.0,94.64159
DB11362,train,194.0,200.91794
DB11363,train,20.0,120.85618
DB11560,train,47.0,115.36891
DB11574,train,65.0,136.7672
DB11575,other,0.0,149.32002
DB11581,train,63.0,119.248604
DB11586,test,0.0,254.51114
DB11596,train,7.0,127.41177
DB11609,train,265.0,85.4365
DB11610,train,0.0,85.4365
DB11613,test,0.0,209.5598
DB11614,test,0.0,389.33658
DB11619,train,15.0,122.542015
DB11633,train,6.0,132.73674
DB11636,other,0.0,175.90723
DB11641,train,11.0,85.07624
DB11660,test,0.0,238.46625
DB11691,train,1.0,265.12762
DB11699,train,38.0,175.36713
DB11730,train,76.0,133.54514
DB11737,other,0.0,152.8981
DB11793,train,7.0,134.59125
DB11817,test,0.0,144.91412
DB11828,train,53.0,150.13881
DB11915,train,84.0,160.90015
DB11921,other,0.0,51.24164
DB11943,train,6.0,79.47419
DB11989,train,6.0,90.835396
DB11994,train,2.0,201.96974
DB12001,train,68.0,141.99518
DB12026,train,92.0,83.21182
DB12070,train,62.0,88.424194
DB12161,train,91.0,127.76369
DB12267,train,91.0,168.14604
DB12278,train,78.0,229.91896
DB12332,train,494.0,239.35143
DB12364,train,59.0,118.990585
DB12483,train,56.0,129.86133
DB12532,train,189.0,313.31787
DB12598,train,272.0,193.18655
DB12924,other,0.0,-99.48834
DB13025,test,0.0,177.29214
DB13139,test,0.0,134.66116
DB13142,train,69.0,85.4365
DB13145,other,0.0,85.4365
DB13146,other,0.0,114.52406
DB13153,train,2.0,37.321564
DB13158,other,0.0,16.473328
DB13167,test,0.0,143.39342
DB13179,train,78.0,151.6941
DB13231,train,69.0,85.4365
DB13323,train,195.0,85.4365
DB13450,train,32.0,85.4365
DB13595,train,107.0,85.4365
DB13747,test,0.0,85.4365
DB13783,test,0.0,107.06021
DB13872,other,0.0,120.05792
DB13873,train,15.0,98.73412
DB13874,train,147.0,100.65944
DB13878,train,19.0,16.59552
DB13879,test,0.0,317.30145
DB13925,train,4.0,-61.632935
